Comments,,Unnamed: 2,Unnamed: 3
You're so warped with your sloppy talking points. You're always certain but rarely correct. Put a little effort into this complex issue and for starters- please listen to the balanced MartyrMade's 20 hour 6 part Fear and Loathing in Jerusalem series.,"Dec 18, 2023",,
BiBi says otherwise,"Dec 18, 2023",,
Ermmmm... I don't think so. Here it is from the horse's mouth:,"Dec 18, 2023",,
These words cut both ways. Keep the same logic in the days to come.,"Dec 18, 2023",,
"To Zionists, lying is like breathing.","Dec 19, 2023",,
Is their self-defense against the occupiers terrorism? Why don't you give the Zionists your land and everyone can live in peace?,"Dec 19, 2023",,
It‚Äôs nice that you think that children should suffer for the actions of their grandparents and great grandparents.,"Dec 18, 2023",,
"These are the same opportunities Israel had to join the civilized world.
And they didn't reject every offer.  Let them keep the Temple Mount and this would have been over.
BTW, it wasn't a Palestinian who shot Rabin.","Dec 18, 2023",,
Palestine only has herself to blame for her poor decision to wear revealing clothing.,"Dec 18, 2023",,
Pure lies. Netanyahate recognized himself publicly on video that he is the one who killed the peace process with the Palestinians.,"Dec 18, 2023",,
"The level of confidence in this statement, though!
Question: Where do you get your info from? 
Do you even know why Yitzhak Rabin was assassinated, and by who?","Dec 19, 2023",,
Try again,"Dec 18, 2023",,
"Good try , 
We as Jordanians know how creepy and sick Israelis are, so no the Palestinians had no chance for anything , you kept prolonging the negotiations until it all broke down, we know all the details . You are liars","Dec 18, 2023",,
"Just another parrot   tweet without thinking, repaet without thinking.","Dec 18, 2023",,
"That's a misleading statement, bordering on outright lie. Why would you perpetuate the marginalization of a group of people?!","Dec 18, 2023",,
"Not true. Palestinians have always wanted the right to stay where they came from.
Any ‚Äúsolution‚Äù came with major restrictions in which Palestinians had the short end of stick. Blockades, the right for isreal military to enter at anytime, control of their water, no military, etc.","Dec 18, 2023",,
Satanyahoo said it himself that he is proud to stop the Palestinian state,"Dec 18, 2023",,
It‚Äôs not a State that they‚Äôre after‚Ä¶it‚Äôs all clearly written in their Charter-,"Dec 18, 2023",,
"My thought has been that if they stopped the attacks and focused on building up the Palestinian areas, we could get a better idea of Israel's intentions.  Right now, littles are taught to throw rocks and instigate fights.  The way of being is aggression there.  The cessation","Dec 18, 2023",,
"What a sick and twisted take
of blaming the victim.
Truly bottom of the barrel.","Dec 19, 2023",,
Anyone who's familiar with the conflict says the same thing...,"Dec 18, 2023",,
"Not really. They choose to fight against the Brutal Occupation of Palestine. Why accept a partition of YOUR OWN country. 
As an oppressor, of course you will view Resistance as Terrorism.","Dec 18, 2023",,
imagine trying to dunk on people undergoing a genocide and still thinking you‚Äôre a good person,"Dec 18, 2023",,
"I'm sure you don't know anything, but what year did you have this?","Dec 18, 2023",,
They are not interested in a 2 state solution - even today. They call for the genocide was Jews.,"Dec 18, 2023",,
"In the weeks before Israel PM Yitzhak Rabin‚Äôs assassination in 1995, Benjamin Netanyahu, then head of the opposition, and other senior Likud members attended a right-wing political rally in Jerusalem where protesters branded Rabin a ‚Äútraitor,‚Äù ‚Äúmurderer,‚Äù and ‚ÄúNazi‚Äù for signing a‚Ä¶","Dec 18, 2023",,
I love all these experts who have never been there.,"Dec 18, 2023",,
,"Dec 18, 2023",,
"Israel is a rogue state. 
Article from 2008 with the list. If you look 2008 to current, it gets worse.
http://david-morrison.org.uk/palestine/israel-rogue-state.htm#:~:text=Israel%20is%20a%20rogue%20state&text=Israel%20is%20a%20rogue%20state.,the%20British%20and%20Irish%20media‚Ä¶
‚ÄúNote:  Since 1972, the US has used its veto in the Security Council 42 times in order to prevent the passing of resolutions critical.‚Äù (1972 to 2006‚Ä¶","Dec 18, 2023",,
It must suck when your own PM throws out your propaganda claims.,"Dec 18, 2023",,
Spoken like someone who gets their history from Disney movies,"Dec 18, 2023",,
You should read some history books,"Dec 19, 2023",,
"Netanyahu (the PM of Israel for most of the last 30 years) punctured your propaganda line yesterday by admitting he had been working against a two state solution for 30 years. 
The Israelis turned down the Arab Peace Initiative of 2002 for full recognition in exchange for a‚Ä¶","Dec 18, 2023",,
"Tsahal just bombed this night two hospitals in Gaza, war criminals have no limits","Dec 18, 2023",,
"Ooh yah, we all believe your lies..","Dec 18, 2023",,
"A serious question: How does it feel when you make a statement, to then realize that the majority of people on the face of the earth know that it is not? Even the Isra-Hell Prime minister would have tweeted back at you denying what you just posted.. how small do you feel? How‚Ä¶","Dec 18, 2023",,
"Ahhhhh!
So that‚Äôs it!!
Here I was thinking it was:
‚Ä¢ territorial fragmentation; 
‚Ä¢ segregation and control;
‚Ä¢ dispossession of land and property; 
‚Ä¢ denial of economic and social rights!!
More fool me ","Dec 18, 2023",,
Everything about you is confused.,"Dec 19, 2023",,
"You don‚Äôt know the history of WWI, McMahon‚ÄìHussein Correspondence, the Great Arab Revolt, Balfour Declaration, etc.","Dec 18, 2023",,
Wrong,"Dec 18, 2023",,
Source? 'trust me bro - netanyahu',"Dec 18, 2023",,
"When do the Palestinians turn around and say ‚Äúfuck this, we‚Äôve been fighting and dying for 75 years. Let‚Äôs find a way to make peace and let our children have a better life than we do‚Äù
It‚Äôs happened in most other conflicts. Eventually compromise must be made.","Dec 18, 2023",,
"Abba Eban said it best, ‚ÄúThe Arabs never miss an opportunity to miss an opportunity.‚Äù","Dec 18, 2023",,
Gaza could have been another Dubai.  What a pity.,"Dec 18, 2023",,
Here,"Dec 18, 2023",,
This is an outright lie lol,"Dec 18, 2023",,
"Can we discuss the conditions of these ""offers""? Maybe that would shed some light on the matter","Dec 18, 2023",,
When? Date and documents?,"Dec 18, 2023",,
"Palestine was an independent state, even declared so by the US president Roosevelt","Dec 18, 2023",,
Israel has never accepted an independent Palestinian state. You are a liar,"Dec 18, 2023",,
It‚Äôs her fault she got raped. It‚Äôs his fault he got robbed. Their own poor decisions‚Ä¶,"Dec 18, 2023",,
"True. Similarly, I read that in the 60's and 70's the U.N. tried to create hundreds of jobs with construction projects but none of the Palestinians showed up to the job sites to work.","Dec 18, 2023",,
Actually it hasn‚Äôt. Israel never offered an actually independent state. You don‚Äôt know what you‚Äôre talking about.,"Dec 18, 2023",,
All the land Israel sits on is Palestine.,"Dec 18, 2023",,
"Not gonna lie. As a black man, it is still very disturbing to hear or see Black folks siding with overt oppression and bigotry.","Dec 18, 2023",,
"If i say the last sentence about slavery, how long before my account is suspended??","Dec 18, 2023",,
Check,"Dec 18, 2023",,
"You're wrong. Any ""deal"" the Palestinians have been offered was never fair and was thus rejected.","Dec 18, 2023",,
"seriously, you need to find a new patron, Israel is done. Maybe you could do some drop shipping, crypto, anything else.","Dec 18, 2023",,
NOT ACCORDING TO BENJAMIN NETANYAHU THEY HAVENT REALLY,"Dec 18, 2023",,
I don't know how much hate you have in you for Palestinians. If you were from Palestine you would choose resistance. Its easy to talk about love peace living in your comfortable house. Try to think about people who are receiving dead bodies of family members their entire life.,"Dec 18, 2023",,
False. Zionist Israeli from Ben Gurion to Netanyahu had bo intention to allow the existence of a Palestinian state.,"Dec 18, 2023",,
"I guess that's why is a recognized state by two thirds of the UN but has been vetoed time and again to be a fully normalized member by 1/3 of it, and mainly by US and its veto rights.","Dec 18, 2023",,
"First time to agree wholeheartedly 
Their decision to welc√¥me and help the Jews in 1940s is what brought all this to them. They shouldn‚Äôt have done it. Imagine what could have happened when the Palestinians as well as the rest of the world rejected them to in the 40s?","Dec 18, 2023",,
"Israel has not stopped ""settlement"" expansion (AKA land theft) during even one negotiation in my lifetime.  Stopping the ""settlements"" was a precondition of every single negotiation of my lifetime.  Israel has never, not even once in 40 years, negotiated in good faith.","Dec 18, 2023",,
You seem to know more about Palestine/Israel than Palestinians and Israelis ... Have some shame and stop copying and pasting ... you are not qualified to comment on this issue,"Dec 18, 2023",,
Ahistorical nonsense,"Dec 18, 2023",,
"this is actually not true.
even if you ignore the fact that they were getting killed and their literal houses stolen.
at no point were the palestinians offered a SOVEREIGN state.","Dec 18, 2023",,
Nonsense. You obviously haven't inspected this issue at all.,"Dec 18, 2023",,
Keep this up and you'll end up right where you came from ,"Dec 18, 2023",,
FALSE,"Dec 18, 2023",,
"Yes, every chance with 0% of the land.","Dec 18, 2023",,
Not true.,"Dec 18, 2023",,
I don't think you understand the word independent.,"Dec 18, 2023",,
Your beloved Netanyahu disagrees with you. Might want to get educated on his recent comments,"Dec 18, 2023",,
"Is that the decision to fight for their stolen land and freedom. Or the decision to live, just asking to know","Dec 18, 2023",,
But Netanyahu just yesterday confessed that he frustrated the process of a two state solution.,"Dec 18, 2023",,
Poster got Jebus.,"Dec 18, 2023",,
"Putting Palestine in quotes is how racists, write it. 

 Israel has never put the offer of a sovereign Palestinian state on the table.

Gaza and the West Bank suffer as a result of Israel's three head-monster: Colonisation, Occupation and Apartheid. That oppression is real.","Dec 18, 2023",,
And standing in the shadows was israel ready to scupper any deal. israel's aim is to ethnically cleanse the land.,"Dec 18, 2023",,
Looks like someone is trying to boost their popularity again.,"Dec 18, 2023",,
Your mon must be proud of you! Damn bro our sister is white washed,"Dec 18, 2023",,
So who gave the british the right to give paletine to the zionist why should they divide something that was theirs already,"Dec 18, 2023",,
Are you sure? Or should we just accept your lies?,"Dec 18, 2023",,
Liar,"Dec 18, 2023",,
Netanyahou:  I have sabotaged the two-state solution for years and I'm proud of it (paraphrasing).,"Dec 18, 2023",,
Good job Israel  Jai hind ,"Oct 9, 2023",,
The world is blind enough not to see this,"Oct 10, 2023",,
Not enough‚Ä¶ need to see a nicely paved boardwalk first,"Oct 9, 2023",,
it's a positive reaction to an evil force....,"Oct 10, 2023",,
,"Oct 9, 2023",,
Ok. So?,"Oct 9, 2023",,
Modern day holocaust.,"Oct 10, 2023",,
Nobody wants to see this. And nobody wanted to see pictures of young people slaughtered in Israel either.,"Oct 10, 2023",,
Please stop this war,"Oct 9, 2023",,
"This is just the begining heheheh , we are coming to get everybody !! Israelis does not afaraid to die for the country.","Oct 9, 2023",,
Free Palestine ,"Oct 9, 2023",,
"Pray for the inocent people in #gaza and #israel .
Hope this war ends soon","Oct 9, 2023",,
We are cheering them on. Thanks for the vid.,"Oct 9, 2023",,
FALSE FLAG: We Just Had Another 9/11 Inside Job in Israel And Everyone Is Falling For It Again #IsraelPalestineWar,"Oct 9, 2023",,
Looks like winning,"Oct 9, 2023",,
https://twitter.com/thelionglass/status/1711418012509544841‚Ä¶,"Oct 10, 2023",,
"After killing so many innocent Jewish children, babies, mothers and grandmother's. 
Call #hamas for an answer.","Oct 10, 2023",,
"1/2 Show this to the Boss of Hamas. I know he‚Äòs blind and about his missing limbs.But wasn‚Äôt born http://blind.So if you explain ‚Äû6 level 400sqm footprint has been hit and levelled‚Äú,he‚Äòll have the pic in front of his inner eyes.And tell him that killing 1k civilians and‚Ä¶","Oct 10, 2023",,
"2/2 less than 200 IDF,he will do the calculation.Israel in general kills 10+ Hamas and ppl they think at anytime in life helped them for 1 Israeli.He can do Math,he has 2Billions and living a wonderful and safe life,ask if demolition of Gaza was worth it.He probably doesn‚Äôt care","Oct 10, 2023",,
"The price for following Hamas is great.
Make better choices.","Oct 10, 2023",,
Pakistan stand with our Palestine Palestinian's brother's,"Oct 9, 2023",,
Our prayers are with you brother,"Oct 9, 2023",,
"The 99 Names of AllƒÅh;
1) Mercy
AR-Rahmaan
The Beneficent
2) The Most Merciful
AR-Raeem
The Merciful
King (3
Al-Malik
The King
Lessons (4
Al-Quddus
The Most Sacred
5) Peace
As-SALAM
The Source of Paace, The Flawless
6) The believer
Al-MU‚ÄôMin
The Infuser of ...","Oct 9, 2023",,
Gaza is on fire everywhere,"Oct 9, 2023",,
"That‚Äôs heart breaking.
Scenes from hospital.
 #Palestine #Gaza #Hamas
you are now in the FIND OUT stage.,Oct 9"," 2023""",,
Show it to Hamas. Their fault,"Oct 10, 2023",,
A beautiful sight ,"Oct 10, 2023",,
The world doesn‚Äôt care brother,"Oct 10, 2023",,
"Prayers for the people present there, may God protect them.","Oct 9, 2023",,
Pray for Gaza,"Oct 9, 2023",,
war must stop,"Oct 9, 2023",,
"This is how revenge looks, and it‚Äôs wonderful ","Oct 10, 2023",,
," 2023""",,
Stay safe brother.,"Oct 10, 2023",,
The rest of the world:,"Oct 10, 2023",,
"It's really 
IRAN VS ISRAEL
PALESTINIANS R PATSYS PAWNS BY IRAN","Oct 9, 2023",,
Good job by Israel ,"Oct 9, 2023",,
"The human cost of the Israeli-Palestinian Conflict (deaths/injuries): documented by the UN:
2008:
Palestine : 3,202
Israel : 853
2009:
Palestine : 7,460
Israel : 123
2010:
Palestine ","Oct 9, 2023",,
How about Saturday rockets? Do you share it before?,"Oct 10, 2023",,
Prayers for the oppressed people of Palestine,"Oct 9, 2023",,
May God protect the innocent citizens ,"Oct 10, 2023",,
Well done to the IDF,"Oct 10, 2023",,
HƒÅmmas is in the wrong!,"Oct 10, 2023",,
"The international media will never show  this. 
Western countries are totally hypocrites.
How about Saturday rockets? Do you share it before?,Oct 10"," 2023""",,
"The international media will never show  this. 
Western countries are totally hypocrites.
Seems like a good start. See what you can do without parachutes attached to tricycles?,Oct 10"," 2023""",,
 https://x.com/idangolf/statu/idangolf/status/1711427014182224285‚Ä¶,"Oct 10, 2023",,
"Since there is no electricity, some explosions will enlighten the darkness. This is awesome!","Oct 9, 2023",,
Show it to the world and the world is glad because Gaza started this war then they should live by the consequences.,"Oct 9, 2023",,
Hamas attcks everytime and then goes why is Israel attacking us‚Ä¶,"Oct 9, 2023",,
Palestine being freed from Hamas. Painful but necessary.,"Oct 9, 2023",,
We love it ,"Oct 9, 2023",,
Hamas must be held responsible for this,"Oct 9, 2023",,
We don‚Äôt care. ,"Oct 9, 2023",,
BEIRUT (AP) ‚Äî Hamas military spokesman says it will kill a civilian hostage any time Israel targets Gaza civilians without warning.,"Oct 9, 2023",,
And this also,"Oct 9, 2023",,
This is really terrible.,"Oct 9, 2023",,
What‚Äôs the problem,"Oct 9, 2023",,
"Don't forget to climb on the top of hospital, school etc... and launch a missiles from there...and then complain when they actually strike back...because the technology can trace the missile to the point of launch....","Oct 9, 2023",,
Day before you distribute sweets when HAMAS TERRORIST attack on Israel........now enjoy DIWALI.,"Oct 9, 2023",,
"Hamas = ISIS
That‚Äôs only the beginning!,Oct 10"," 2023""",,
"Gazako L
@Netanyafu","Oct 10, 2023",,
Please stop the war,"Oct 9, 2023",,
With pleasure,"Oct 9, 2023",,
"We see what hamas did first day, thank u","Oct 9, 2023",,
delivered as ordered,"Oct 9, 2023",,
The world is COWARD,"Oct 9, 2023",,
The world is blind but Allah is the planner May he crush the enemy Ameen,"Oct 9, 2023",,
Currently jerking off to this video,"Oct 9, 2023",,
Its about time,"Oct 9, 2023",,
Good level it.,"Oct 9, 2023",,
Just make sure to show the world the videos of Hamas fighters dragging the naked body of a young lady through the streets.,"Oct 9, 2023",,
Pakistan Stand with Palestine,"Oct 9, 2023",,
We the world is happy with what is playing out right now Israel has every right to defend itself,"Oct 9, 2023",,
May Allah have his mercy upon people of Palestinians ,"Oct 9, 2023",,
"Carry on and close this asap 
We want peace","Oct 9, 2023",,
"After the massacre of at least 900 civilians by Hamas, Hamas knew that revenge would come. You know it will come. Everyone knew it would come. So what was the point in the first place? And as it looks, it's going to be long and painful","Oct 10, 2023",,
Yes.. we also saw what the horrors of 2 days ago. Face the music,"Oct 10, 2023",,
Shown and the World said - It's freaking Awesome.,"Oct 9, 2023",,
Nice,"Oct 9, 2023",,
Missed some,"Oct 9, 2023",,
We Indians are very Happy to see this.,"Oct 10, 2023",,
"The world sees it. And it looks so beautiful. 
Set your camera for more beauty ahead. 
This is not over yet.","Oct 10, 2023",,
We dont care,"Oct 10, 2023",,
This is only the beginning ,"Oct 10, 2023",,
You're not in my cream,"Oct 10, 2023",,
Why such small bombs?,"Oct 10, 2023",,
MADE IN USA,"Oct 10, 2023",,
https://x.com/israel/status/1711416779996537126?s=46&t=13pZmLVEzafP8mSmCTCgLg‚Ä¶,"Oct 9, 2023",,
"https://nypost.com/2023/10/08/german-tattoo-artist-shani-louk-idd-as-woman-paraded-through-streets-by-hamas/‚Ä¶
Show the world who threw the first punch","Oct 9, 2023",,
Thanks for showing!! I was searching for this!! #HamasisISIS,"Oct 9, 2023",,
"World is watching everything since last 2 days , don‚Äôt worry","Oct 9, 2023",,
Gaza is on fire everywhere ,"Oct 9, 2023",,
Hamas openend Pandora's box.,"Oct 9, 2023",,
"You seems me good guy,  pls tell me...
Don't you think what humas did was brutal and that can't be justified. 
Don't you ashamed of hamas","Oct 9, 2023",,
"Show to Muslims only, hope this will open their eyes","Oct 9, 2023",,
Heart broken vedios,"Oct 10, 2023",,
"Damn i love watching ""freedom fighters"" getting absolutely demolished in such high resolution! Thanks for the video, keep em coming! 
@miakhalifa
 here's more video from the ""freedom fighters"" in landscape.","Oct 10, 2023",,
Electricity is available or not?,"Oct 9, 2023",,
"God is great .. God is Nasser, God, and I am generous .. @","Oct 9, 2023",,
"Oh God, have mercy","Oct 9, 2023",,
Allah has answered your prayers and will finally free you of your own misery,"Oct 9, 2023",,
"Don't cry , Newton's third law always applies","Oct 9, 2023",,
The world already saw what your brothers shamelessly did,"Oct 9, 2023",,
Horrifying and this is just the start.,"Oct 9, 2023",,
May God help you,"Oct 9, 2023",,
This as well ,"Oct 9, 2023",,
I see retaliation.,"Oct 9, 2023",,
Pray for Palestine  but i blame Hamas for this.,"Oct 9, 2023",,
"Images like these remind us of the urgent need for peace and humanitarian assistance in Gaza. Let's pray for a swift resolution.""  #Gaza","Oct 9, 2023",,
"An age has passed in destroying,
Now I will die myself ..
Some time karma is a double edge sword ..., Oct 10"," 2023""",,
Palestine will win at the end its a promise,"Oct 10, 2023",,
Mmmmm world is enjoying can you upload on HD quality?!,"Oct 10, 2023",,
"No one cares, show what your friends of Hamas did on Saturday","Oct 10, 2023",,
We have no one but Allah,"Oct 10, 2023",,
"Did you all put in this effort to condemn Hamas on Saturday when it started this journey? This emotional sentiments are after thought,we saw on television people's jubilations when dead persons were paraded on the street, spiting, shouting Allah Akbar,what do you people expect","Oct 10, 2023",,
When u attacked Israel first u didn't talk anything u were shouting Allah kubara,"Oct 10, 2023",,
"The world don't see these scene, bcz they are not Isreali..","Oct 9, 2023",,
Well deserved,"Oct 9, 2023",,
Hahaha,"Oct 9, 2023",,
Great,"Oct 9, 2023",,
Palestine will win In Sha Allah,"Oct 9, 2023",,
need a cleaning there,"Oct 9, 2023",,
Hamas brought this to you.,"Oct 9, 2023",,
Beautiful,"Oct 9, 2023",,
Sadly world is too blind my friend ,"Oct 9, 2023",,
"Oh yes thank you, send more I love it!","Oct 9, 2023",,
Show this too....,"Oct 9, 2023",,
"A picture is worth a thousand words. 
They had it coming,Oct 9"," 2023""",,
Israel is being too easy on you savages,"Oct 10, 2023",,
Nice hit,"Oct 10, 2023",,
Hmm isn't this what Palestine wanted on Saturday?,"Oct 10, 2023",,
Candy  anyone ?,"Oct 10, 2023",,
Loving it ,"Oct 10, 2023",,
You deserve this and eaven more,"Oct 9, 2023",,
"Oh Lord, be with our people in Gaza and protect them, God","Oct 9, 2023",,
Beautiful Arab kebab ,"Oct 9, 2023",,
Don‚Äôt worry the word is watching.,"Oct 10, 2023",,
You deserve that! You provoced that! Now it‚Äôs time to pay!,"Oct 10, 2023",,
"Hamas, an Islamic fundamentalist terrorist organization has kidnapped elderly women, mothers with their babies. Hamas are as brutal as ISIS. 
Please share! these babies are kidnapped and held in Gaza in horrendous conditions.","Oct 10, 2023",,
Hoo start this,"Oct 10, 2023",,
Very good all due to the IDF,"Oct 10, 2023",,
"Great video, looks stunning ","Oct 9, 2023",,
Works in progress.,"Oct 10, 2023",,
Spnsr me a latest awm sniper rifle with max scope an m249 a skorpion pistol and a safety gear and belal i swaer by my Almight Allah i will cal you from which ever border i get access to internet n if am back alive inshAllah i will share all my go pro if not im shahed Alhamdulilah,"Oct 10, 2023",,
Surrounded by muslims countrys what a shame,"Oct 10, 2023",,
we really hope and pray that this is just the beginning.,"Oct 10, 2023",,
"May Allah protect all Palestinian brothers and sisters Ameen 
Spnsr me a latest awm sniper rifle with max scope an m249 a skorpion pistol and a safety gear and belal i swaer by my Almight Allah i will cal you from which ever border i get access to internet n if am back alive inshAllah i will share all my go pro if not im shahed Alhamdulilah,Oct 10"," 2023""",,
"May Allah protect all Palestinian brothers and sisters Ameen 
Nice,Oct 10"," 2023""",,
Let the world know Hamas btought this upon the Palestinians,"Oct 10, 2023",,
It shows they hit the Hamas storage . They chose the correct targets.,"Oct 10, 2023",,
Sleep piecefully,"Oct 9, 2023",,
You are Hamas Arabic Iranian slave,"Oct 9, 2023",,
Show this to world,"Oct 9, 2023",,
Worlds biggest parking lot coming soon. ,"Oct 10, 2023",,
"Haha this is just the beginning, for the crimes you all mortals have committed","Oct 10, 2023",,
We are. Taste your own medicine. Viva Israel  ,"Oct 10, 2023",,
Nice hit.,"Oct 10, 2023",,
HAHAHAHAHAHA  WHAT LOSERS!,"Oct 10, 2023",,
"As tragic as this is, by supporting Hamas - which gets you no points optics-wise due to what they are doing, you‚Äôve only hurt your own cause by causing this to happen.","Oct 10, 2023",,
Yes.  Thus is referred to as FAFO.,"Oct 10, 2023",,
Shamo on you isal,"Oct 10, 2023",,
Just like fireworks ,"Oct 10, 2023",,
They are blind,"Oct 10, 2023",,
Thanks to Hamas,"Oct 10, 2023",,
Free Isreal,"Oct 10, 2023",,
Great job won‚Äôt take long to make a car park,"Oct 10, 2023",,
"One video shows Hamas leading four innocent Israeli civilian hostages, hands tied behind their backs. 

Another video shows the bodies of the hostages, executed together. 

This tactics are taken from Nazi playbook, for those who want to stand behind this:","Oct 10, 2023",,
Nope,"Dec 18, 2023",,
Yes ,"Dec 19, 2023",,
"I agree, tell Hamas to get out so that Palestinians can be free.","Dec 19, 2023",,
YES I support Palestinians,"Dec 18, 2023",,
ÿ∑ÿ®ÿπÿß ŸàÿßŸÑŸÅ Yes ŸÉŸÖÿßŸÜ .. hope that our support will be very little something to support them,"Dec 18, 2023",,
YES AND ALWAYS. FILASTEEEN IN MY HEART TILL I DIE.,"Dec 19, 2023",,
YES,"Dec 19, 2023",,
" PALESTINE 
 Before 10/7
       May 2021","Dec 18, 2023",,
No.,"Dec 18, 2023",,
NO. I support Israel.,"Dec 18, 2023",,
Jerry finds your post funny.,"Dec 18, 2023",,
Yes,"Dec 19, 2023",,
Always yes,"Dec 18, 2023",,
yes,"Dec 19, 2023",,
Never existed. Pale-stan.,"Dec 19, 2023",,
Stop war. Why can't we have peace in this world ?,"Dec 18, 2023",,
World was so peaceful before Israel,"Dec 18, 2023",,
Save gaza save palestine and save humanity,"Dec 18, 2023",,
Yes. I support Palestine.,"Dec 18, 2023",,
I m to,"Dec 18, 2023",,
Yess,"Dec 19, 2023",,
I support Palestine.,"Dec 18, 2023",,
"URGENT !Rest in mass!
THANKS !The world must know!
The truth about ""the Promised Land""","Dec 18, 2023",,
Nope.,"Dec 19, 2023",,
Yes .. Allah,"Dec 18, 2023",,
"YES
Yes for ever In Sha Allah,Dec 18"," 2023""",,
Yes I support Palestine ,"Dec 18, 2023",,
U R liar,"Dec 18, 2023",,
"YES! YES! YES!
*FROM: Arkansas, USA","Dec 18, 2023",,
YES ,"Dec 18, 2023",,
Yes! I need more too.,"Dec 18, 2023",,
Yes for ever In Sha Allah,"Dec 18, 2023",,
"Yes!
√Ä million of yes!","Dec 18, 2023",,
Yes  I stand with Palestine,"Dec 18, 2023",,
"Yes, I support Palestine .
From #Cuba .","Dec 18, 2023",,
Yeah,"Dec 18, 2023",,
YES!!,"Dec 18, 2023",,
YES!,"Dec 18, 2023",,
"Sure ,Yes, Naila.","Dec 18, 2023",,
"Yes, I support Palestine","Dec 18, 2023",,
I stand with Palestine ,"Dec 18, 2023",,
Big big yes,"Dec 18, 2023",,
Always with Palestine..,"Dec 18, 2023",,
"For God's sake, what does the word Palestine mean, what does it mean to the average Palestinian, who gave this name to the glorious Palestinian people?","Dec 18, 2023",,
free Palestine ,"Dec 18, 2023",,
I stand with Palestine.,"Dec 18, 2023",,
"yes, we must support palestinans towards safety and freedom in palestine","Dec 18, 2023",,
"Yes, end Hamas' rule on Palestinians, so there can be a 2 state solution for Israelis and Palestinians to live peacefully ","Dec 18, 2023",,
Yes!,"Dec 18, 2023",,
Yes I do,"Dec 18, 2023",,
"YES, and have supported the Palestinians since 1967","Dec 18, 2023",,
Yes. ,"Dec 18, 2023",,
"Most definitely yes I stand with Palestine, my briefcase , proudly used everyday going to work.","Dec 18, 2023",,
"Yes, I support Palestine.","Dec 18, 2023",,
Yes. I stand with Palestinian.,"Dec 18, 2023",,
Yes I stand with palestina,"Dec 18, 2023",,
Free Palestine!,"Dec 18, 2023",,
"Yes, since 1967, and Iwant to follow you.","Dec 18, 2023",,
Very yes,"Dec 18, 2023",,
"By here, from RD we support a free Palestine ...","Dec 18, 2023",,
Yes.! ,"Dec 18, 2023",,
"""We know too well that our freedom is incomplete without the freedom of the Palestinians."" ~ Nelson Mandela
Umkhonto we sizwe - Viva HAMAS","Dec 18, 2023",,
Sure,"Dec 18, 2023",,
Yes always,"Dec 18, 2023",,
From the river to the sea.,"Dec 18, 2023",,
YES! ,"Dec 18, 2023",,
Allah is gay.,"Dec 18, 2023",,
"I will not say"" Yes ""In this greed that you will follow me...
I will ""YES"" From bottom of my heart ","Dec 18, 2023",,
Yes I support Palestine,"Dec 18, 2023",,
Yes I support Palestine.....,"Dec 18, 2023",,
Yes!!!,"Dec 18, 2023",,
"YES, I support Palestine & justice for all who share the planet - together we must oppose anyone causing harms to others or destroying lives. Thanks to those working for peace 
@antonioguterres
  @VOWPeace
 @Peace_Women
 @WILPF","Dec 18, 2023",,
Yes every step of the way,"Dec 18, 2023",,
Yes,"Dec 18, 2023",,
Yes.,"Dec 18, 2023",,
Yes. But you Will not follow me,"Dec 18, 2023",,
I bet you wouldn't go and stand over there though.,"Dec 18, 2023",,
Cover your hair if you want to be taken seriously. How can you support a culture whose rules you want adhere to?,"Dec 18, 2023",,
Allhumdulillah I support only Palestine,"Dec 18, 2023",,
Always Palestine ,"Dec 18, 2023",,
"I stand with Palestine and I'll always support Palestine. Free, free, Palestine! ","Dec 18, 2023",,
"Breaking News : New Footage 
Watch scenes from the mortar lava used by the artillery heroes of the Al-Quds Brigades, which destroyed the military concentrations on the front lines in the city of Khan Yunis.
Yes! I support Palestine ,Dec 18"," 2023""",,
No,"Dec 18, 2023",,
YES...,"Dec 18, 2023",,
Why are you alive?,"Oct 8, 2023",,
Prayer's for Palestine people,"Oct 8, 2023",,
"Not enough. If you think the earth is flat, then Palestine should be flatter.","Oct 8, 2023",,
"Hamas just released pic of their special marine unit.
Prayer's for Palestine people,Oct 8"," 2023""",,
"Hamas just released pic of their special marine unit.
May Allah help palestine,Oct 8"," 2023""",,
"I am crying, please share more such disturbing pictures and videos. I want to cry more","Oct 8, 2023",,
Sow = Reap,"Oct 8, 2023",,
Plz stop war,"Oct 8, 2023",,
Flat earth is real now ,"Oct 8, 2023",,
"Throw the stone now, pass them and pass time","Oct 8, 2023",,
Wow,"Oct 8, 2023",,
"As per your beliefs ,whatever happens is as per wishes of Lord Almighty.
So ,accept it .","Oct 8, 2023",,
Subhanallah,"Oct 8, 2023",,
Allah works in mysterious ways,"Oct 9, 2023",,
May Allah protect them,"Oct 9, 2023",,
"They scream about Ukraine‚Äôs sovereignty but God forbid Palestine defends itself against 75 years of brutal Israeli occupation.
Are you tweeting from 2G?,Oct 8"," 2023""",,
"I see some intact buildings. 
@IDF
 is not using enough force. Please flatten it so that the rubble can be cleared out quickly.","Oct 8, 2023",,
I stand with Palestine and I will stand with them till I die  #PalestineUnderAttack,"Oct 8, 2023",,
Allah save Gaza Ameen,"Oct 8, 2023",,
I stand with Palestine,"Oct 8, 2023",,
so sad,"Oct 8, 2023",,
Hence it is proved that there is no Muslim Ummah....,"Oct 8, 2023",,
Very Beautiful ,"Oct 8, 2023",,
Was yesterday's Hamas attack worth that (and probably much more to come)?,"Oct 8, 2023",,
How u survived,"Oct 8, 2023",,
May Allah protect you sister. We stand with Palestine from India,"Oct 8, 2023",,
People's lives were destroyed,"Oct 8, 2023",,
"Pls those pictures is discouraging our hope, you have to stop sharing","Oct 8, 2023",,
May Allah protect our brothers and sisters Ameen,"Oct 8, 2023",,
May Allah helps,"Oct 8, 2023",,
"Allah help in this war, inshallah Palestine become free","Oct 8, 2023",,
photoshop expert..,"Oct 8, 2023",,
Ya Allah....,"Oct 8, 2023",,
"The blasphemy from which one went to the slain
This is to come.","Oct 8, 2023",,
"Whoever is the cause of his illness crying himself.
(Dante Alighieri. Divine Comedy, Hell, Canto XXIX)","Oct 8, 2023",,
"GazaUnderAttack
I can still see few structures. More flattening is needed.,Oct 8"," 2023""",,
Alhamdulillah you still alive. I got worried when you didn't post anything for 8 hrs ,"Oct 8, 2023",,
Khushi talks,"Oct 8, 2023",,
"Nice
Iranian stand with israel","Oct 8, 2023",,
Do update us frequently as these pics are soothing to our eyes ,"Oct 8, 2023",,
"I deliberately write in Persian that is more painful.
Israeli missiles.
Allowy you deserve the rocket","Oct 8, 2023",,
Omg you still alive thank God.. I'm scared  btw Rip for #gaja #palastin and Plss don't forget to posting such wonderful scenes...time to time,"Oct 8, 2023",,
Thanks #Israel,"Oct 8, 2023",,
Keep up -covered avri and till you become lovely to Allah,"Oct 8, 2023",,
Free Gaza from ,"Oct 8, 2023",,
"Our Prime Minister Imran Ahmed Khan Niazi
@ImranKhanPTI","Oct 8, 2023",,
"Ye sab
@Arvindkejriwal
 karva raha hai","Oct 8, 2023",,
"Keep us updated
Allah rehem kre,Oct 8"," 2023""",,
"Great!
We are coming for you ","Oct 8, 2023",,
Keep us posted,"Oct 8, 2023",,
Gaza's ring,"Oct 8, 2023",,
Awesome,"Oct 8, 2023",,
"Where is Allah why is Allah supporting jews and not Muslims 
Allah is yahudi ","Oct 8, 2023",,
Surunderands.,"Oct 8, 2023",,
Beautiful ,"Oct 8, 2023",,
"Selfie karlo dar
Many people are waiting for your paradise","Oct 8, 2023",,
"Go outside, click & send more pictures we need ","Oct 8, 2023",,
Are u ok baby girl,"Oct 8, 2023",,
Sexy Pictures ,"Oct 8, 2023",,
"Inshallah,","Oct 8, 2023",,
Looking as beautiful as u,"Oct 8, 2023",,
Looks so beautiful,"Oct 8, 2023",,
"Message from Jerusalem Brigade Spokesman Abu Hamza:
""There is no way other than 2 routes. Victory or evidence""","Oct 8, 2023",,
"Sights of relief 
Thanks Israel for this.","Oct 8, 2023",,
Beautiful pic  please post more,"Oct 8, 2023",,
Really bad,"Oct 8, 2023",,
"How are you still alive? Israel needs to do the job much more carefully. Its now or never, #SupportIsrael #IStandWithIsrael #isr","Oct 8, 2023",,
Wow ,"Oct 8, 2023",,
Wait for some days Ghaza will be past.,"Oct 8, 2023",,
Heartwarming scenes. This is lovely.,"Oct 8, 2023",,
"Damn, how fast the time changes!","Oct 8, 2023",,
Very nice pictures,"Oct 8, 2023",,
Subahanallah,"Oct 8, 2023",,
Come hi,"Oct 8, 2023",,
"Mashallah, Glory be to God ...","Oct 8, 2023",,
U r still alive ...I m worried for you ,"Oct 8, 2023",,
Satisfying ,"Oct 8, 2023",,
Forgotten,"Oct 8, 2023",,
WoW ,"Oct 8, 2023",,
GAzA after a few days:,"Oct 8, 2023",,
What is Gaza?,"Oct 8, 2023",,
"Keep sharing such heartbreaking pics regularly, especially when the buildings in the background go down as well.","Oct 8, 2023",,
Inshallah you will see more ....,"Oct 8, 2023",,
Say Thank you to #Israel  you are now  1400 yrs back say hi to .....,"Oct 8, 2023",,
Israel to Palestine While Countering  ,"Oct 8, 2023",,
We listened what they had to say on Oct 7th. We saw the polls where 72 percent of them agreed that Oct 7th was justified. What else is to be done?. Max we can wish for ceasefire(I do) but nothing more than that. And yes Hamas needs to be destroyed for once and for all.,"Dec 15, 2023",,
"dear propagandist,
many of us have been there. we come away understand that Israel is fighting for its very existence, palestinians are a violent bunch and palestinians reject peace.","Dec 14, 2023",,
The world is waking up!,"Dec 14, 2023",,
""" The fact that they changed the name in 1948 didn't make it stop Being Palestine  ""
I have an  enormous respect for @mikopeled. I learned so much this all years about Palestine watching his speech.
Interview by @KimIversenShow , I have respect to her too, when I saw her videos‚Ä¶","Dec 15, 2023",,
"where on earth did you go .... certainly not to Israel ... perhaps to Gaza, Syria, Jordan, Egypt, Iran. Iraq. You are confused","Dec 15, 2023",,
"see it for yourself
they lie to ya...","Dec 15, 2023",,
Synagogue of Satan: Apocalyptic Genocide in Bethlehem for Hannukah #ZionistTerror,"Dec 15, 2023",,
"I did, and they all blame Hamas for bringing this war to their houses.","Dec 15, 2023",,
Kind of like here at home why aren‚Äôt ppl standing up for ourselves is what gets me,"Dec 15, 2023",,
"sure , shill
everyone's just running there ","Dec 15, 2023",,
That was the worst attempt at using leftist talking points and circular reasoning to justify nothing I've ever seen.,"Dec 15, 2023",,
"I also lived in Israel for 40 years and been to Gaza and the west bank.
Sadly, this is actually the main Palestinian indoctrination
Where you see a parent crying over a baby, I see parents who knowingly sacrificed their baby","Dec 15, 2023",,
Meanwhile in Gaza,"Dec 15, 2023",,
Yet he wears a Hamas scarf. He‚Äôs literally supporting terrorists. ,"Dec 15, 2023",,
"When you taste Palestinian olive oil, you will know by its taste whether it was made by the real owners of the land or not.","Dec 14, 2023",,
"O Allah, protect and bring peace to Palestine. Ease their struggles and grant them justice. Ameen.","Dec 14, 2023",,
"Big message 
Tiny microphone","Dec 14, 2023",,
"Why would I ever want to go to Gaza? 
This is not Americans problem. Start protesting the fact most people in this country are paycheck to paycheck, rising credit debts, and thr vast amounts of homelessness","Dec 15, 2023",,
"TRUTH BOMBS.
Douglas Murray‚Äôs spectacular tirade against Palestine supporters https://youtu.be/K7cWPArzbXg?si=Oh2WzLXiO6Eh0372‚Ä¶ via 
@YouTube","Dec 15, 2023",,
Wouldn‚Äôt be lovely if queer Americans for palestine actually go and parade there? I‚Äôd sponsor‚Ä¶,"Dec 15, 2023","Dec 17, 2023",
"A journey from stones to rockets.
Huge up!,empty
Huge up!,empty
Uhuh"," so go back.""",,
"No it‚Äôs awful but, Gaza attacked Israel. Israel counterattacked. Now Gaza is under siege. The whole point of any siege is to make the lives of the besieged as uncomfortable as possible so that they decide to surrender. All of the  pathetic, awful scenes we see are from that siege","Dec 15, 2023",,
How is it apartheid when it involves people holding different citizenships?,"Dec 15, 2023",,
Too effeminate,"Dec 15, 2023",,
"Trying to follow the cult logic 
How can it be both occupation and apartheid?
Occupation means there are foreign (Israeli) soldiers in native (Palestinian) land 
Apartheid is one state with two sets of rules for different peoples / races. But Palestinians are not Israelis, so‚Ä¶","Dec 15, 2023",,
"Respect & solidarity with EU workers, all across the world people demand a ceasefire NOW
EU staff organize a sit-in outside the European Commission headquarters in Brussels to demand an immediate ceasefire in Gaza #CeaseFireNow #GazaGenocide #Palestine","Dec 14, 2023",,
THANK YOU A LOT! FOR YOUR HONESTY!,"Dec 15, 2023",,
"They allowed the visitors of other countries  and their forces and checked posts for  Palestinians were really  cruel.
They had  teenagers in their force that were very aggressive with Palestinians..","Dec 15, 2023",,
You need to go back then!,"Dec 15, 2023",,
No thanks. Keep it in the Middle East,"Dec 15, 2023",,
"You ever notice these propaganda are all on TikTok and not a reputable source 
The youth is easily manipulated.","Dec 15, 2023",,
The ‚Äúdear Americans‚Äù would be butchered !,"Dec 15, 2023",,
America is woke up too MSM lies ,"Dec 15, 2023",,
"We should all visit Palestina specially taking our kids
They are the ones who will change the world at the end of the day","Dec 14, 2023",,
Just truth in the open social media wave ,"Dec 14, 2023",,
"Yes, go to Palestine before there are no more Palestinians left to talk to :( 
Palestinians are liars.,Dec 14"," 2023""",,
Must watch:,"Dec 14, 2023",,
"Now the course of history has changed!
ŒùŒø one in the whole world will be able to deny or forget the holocaust of Gaza!
Zionists will forever be accountable for thatlike their Nazi ancestors and they will have their end!
Long live the heroic and victorious Palestinian Resistance!","Dec 14, 2023",,
,"Dec 14, 2023",,
I can sympathize honestly,"Dec 14, 2023",,
How many jews you see in Jenin?,"Dec 14, 2023",,
 ISRAEL DONT CARE ABOUT THE CHILDREN!,"Dec 14, 2023",,
Reasons for the wall:,"Dec 15, 2023",,
I absolutely plan to go to #Gaza as soon as I can to hold my friends and help them. ,"Dec 15, 2023",,
,"Dec 15, 2023",,
You should go there right now! Great prices on hotels!,"Dec 15, 2023",,
Perfectly said,"Dec 15, 2023",,
Pathetic.,"Dec 15, 2023",,
"Just so I understand if what he says is true, there were Israelis there a long time ago, but were kicked out. So they do historically come from the area. He, with German heritage, can go live there if he wants, because there is a Germany. He doesn‚Äôt have to kick anyone out‚Ä¶","Dec 15, 2023",,
Exactly!,"Dec 15, 2023",,
I doubt he was ever there...,"Dec 15, 2023",,
Then I suggest everyone in America who are protesting for Palestine go over there and help. But y‚Äôall won‚Äôt cause YOUR COWARDS!!!!,"Dec 15, 2023",,
"Nice towel, Skippy.","Dec 15, 2023",,
Their is no Israelis in Gaza Israel gave back Gaza in 2005  I wonder how much they pay you to lie qutar gave 30 million every month - the money spent to build tunnels and buy American weapon that America gave to the Ukrainian that was sold in black market,"Dec 15, 2023",,
This is the only language the savages and their supporters can understand.,"Dec 15, 2023",,
There is no palestine.,"Dec 15, 2023",,
Not a word about the torture the palestinians performed?,"Dec 15, 2023",,
Happy Hanukkah from America,"Dec 15, 2023",,
"Today I was among the journalists who have attended a private screening of the raw footage of October 7th and I want to express to you what I saw since it‚Äôs not been made public. It‚Äôs been a very heavy day. A decision was made that Jews are less than human, and treated that way‚Ä¶","Dec 15, 2023",,
NO RELIGION,"Dec 14, 2023",,
Look at MSM:,"Dec 14, 2023",,
lol false,"Dec 14, 2023",,
That‚Äôs what they‚Äôll tell ya‚Ä¶,"Dec 14, 2023",,
"Ameen, Ameen, Ameen, at least some people get it.","Dec 15, 2023",,
"Yep, do it..","Dec 15, 2023",,
Gaza‚Äôs sky is black but Qatar is always sunny.,"Dec 15, 2023",,
Sure. Dershowitz used to being a bunch of his woke students there every year. They can away feeling they had been lied to.,"Dec 15, 2023",,
"'WE REVEALED NEARLY 150 ISRAEL LIES' Israel attacked Al-Ahli Hospital, saying 'Hamas has weapons shelters' there. In this attack on Al-Ahli Hospital, he shamelessly said that 'Hamas' did this. Be careful while doing this, disinformation is now being spread by civil servants in !!","Dec 15, 2023",,
Hamas organized a ceasefire and exchange. They can stop this in one second.,"Dec 15, 2023",,
"How is it apartheid when Palestine and Israel are two different countries and governed by two different govts. 

The other thing is Palestinians gets so much of donations, they could have built better public  infrastructure  rather than spending the money on tunnels, rockets","Dec 15, 2023",,
"Did you see the history between them? Did Hamas kill civilians? Oh wait, yes.","Dec 15, 2023",,
"The guy in this video has no idea what he is talking about. Given his position the Palestinians ought to just accept the reality that Israel is there to stay, find ways to live in peace with them instead of constantly starting wars by attacking them and then losing those wars.","Dec 15, 2023",,
He said whole lot of nothing,"Dec 15, 2023",,
Can‚Äôt the Hamas propaganda get better than this?,"Dec 15, 2023",,
Another kaffir in his cheap Chinese knockoff kefiyah. Blah blah blah blah blah blah,"Dec 15, 2023",,
It‚Äôs so ethic cleansing that Israel is the Jewish piece surrounded by Arabs on all sides‚Ä¶ but yea..,"Dec 15, 2023",,
"You really don‚Äôt know anything sir, especially the history of Hamas!","Dec 15, 2023",,
,"Dec 15, 2023",,
WE have heard the words from many of the palestinans. 80 % + approve of what hamas done. Approve of the wiping out of the israelis by any means. Approve of teaching their children that to be a marytr is their highest achievement. That killing by any means is their highest honor,"Dec 15, 2023",,
Yeah speak to Arabs in Israel,"Dec 15, 2023",,
I don‚Äôt under get the arguement that this is not a religious war and Palestinians are shouting Alahu Akbar while killing Israelites.,"Oct 10, 2023",,
"hey dude, you started it...just wtf did you expect?????","Oct 10, 2023",,
"It‚Äôs all the call centers they have. Now they are tweet centers. 
@elonmusk
 musk should look into this, they get paid to encourage hatred and extreme violence.","Oct 10, 2023",,
Hamas is ISIS,"Oct 10, 2023",,
"Palestine is free, Arab, victory is coming soon","Oct 10, 2023",,
Well you attack Israel!,"Oct 10, 2023",,
"Stop war
Embrace peace ","Oct 10, 2023",,
how did it come to this,"Oct 10, 2023"," according to the Palestinian Ministry of Health in #Gaza. Video obtained by CNN shows the aftermath of the strike on the Al-Shati camp.""","Oct 10, 2023"
"ùë∞ùíîùíìùíÇùíÜùíçùíä ùíîùíêùíçùíÖùíäùíÜùíìùíî ùíîùíëùíÜùíÇùíå ùíêùíñùíï
Israeli airstrikes targeted the Al-Shati and Jabalia refugee camps on Monday"," killing a """"large number"""" of people",,
Crocodile tears,"Oct 10, 2023",,
Poor little thing. Stop whining assume consequences of your barbarism !,"Oct 10, 2023",,
What are the reasons behind India's  support for Israel  ? Is it primarily influenced by religious differences with the other side?,"Oct 10, 2023",,
,"Oct 10, 2023",,
Allah will save u,"Oct 10, 2023",,
May Allah give you sabr,"Oct 10, 2023",,
"Israeli airstrikes targeted the Al-Shati and Jabalia refugee camps on Monday, killing a ""large number"" of people, according to the Palestinian Ministry of Health in #Gaza. Video obtained by CNN shows the aftermath of the strike on the Al-Shati camp.","Oct 10, 2023",,
Human tragedy repeated over and over again...,"Oct 10, 2023",,
Allah please help Palestine people ,"Oct 10, 2023",,
, the 8 day period of  austerity is starting from 17th March till 24th March 2024. Do's and Dont's,,
& the spiritual practise for this period.  ,,,
Where was he two days ago?,"Oct 10, 2023",,
We only and always pray for peace in this country,"Oct 10, 2023",,
Let‚Äôs Pray  for PEACE,"Oct 10, 2023",,
"The retaliation has only just begun, says israels netanyahu.
   
There was peace all around",Hamas attacked the Israeli citizens and disturbed peace.She is going to go on both sides due to Hamas.,,
"America should find a middle path.Palestinian leaders should also pressurize Hamas and 100 Israel citizens held hostage should be released unconditionally. ""","Oct 10, 2023",,
Did you probably get into the eye?,"Oct 10, 2023",,
"Hopefully, There will be not enough tears to turn off the fire","Oct 10, 2023",,
Never seen the Palestinian press react like this.,"Oct 10, 2023",,
Takes a lot of courage to do this. Not a video game,"Oct 10, 2023",,
Cry me a river,"Oct 10, 2023",,
"Should've cried 2 days ago, when they started this","Oct 10, 2023",,
First you should not do Bakchodi: Neither toh‚Ä¶ first you will be a missile thief and then the person will take you ...Sympathy card will play,"Oct 10, 2023",,
"May Allah SWT protect him and grant him some peace. No one should have to feel this way, this is so heartbreaking ","Oct 10, 2023",,
Was he crying on Saturday?,"Oct 10, 2023",,
His tears are just trying,"Oct 10, 2023",,
Just you wait we are coming for all of you,"Oct 10, 2023",,
I guess that the tears are not for the Isra√´lische people ...,"Oct 10, 2023",,
Why are u crying after all this,"Oct 10, 2023",,
where‚Äôs allah?,"Oct 10, 2023",,
Fuck palestine,"Oct 10, 2023",,
Muslims testing their #Karma in #Gaza,"Oct 10, 2023",,
Destroy Palestine  ,"Oct 10, 2023",,
"Subood, Long Live Israel","Oct 10, 2023",,
Chahad covers the massacre,"Oct 10, 2023",,
They brought this on themselves,"Oct 10, 2023",,
Distribute sweets and celebrate. It's party time,"Oct 10, 2023",,
Blame Hamas,"Oct 10, 2023",,
His goat broke up with him. Baaaahhh,"Oct 10, 2023",,
Heartbreaking ,"Oct 10, 2023",,
Israel aggression????????,"Oct 10, 2023",,
Blame HAMAS!,"Oct 10, 2023",,
LOL I LOVE satire.,"Oct 10, 2023",,
But we Stand with PALESTINE,"Oct 10, 2023",,
Aww bless him God knows what he's seen ,"Oct 10, 2023",,
He has seen nothing yet.,"Oct 10, 2023",,
Why majority of muslim countries supporting hamas?,"Oct 10, 2023",,
Karma‚Ä¶,"Oct 10, 2023",,
"In recent hours, Hamas has been calling the parents of the kidnapped women and recording them being raped. They tell the parents, ""We killed the ugly ones, we are now going to rape your daughters.""","Oct 10, 2023",,
Retaliation not aggression,"Oct 10, 2023",,
Don't start what you can't finish,"Oct 10, 2023",,
Fucked around and found out ,"Oct 10, 2023",,
May Allah help you and grant protection ,"Oct 10, 2023",,
May Allah protect Palestinian Ameen,"Oct 10, 2023",,
You asked for it. Don't cry foul now.,"Oct 10, 2023",,
This is what happens in war.,"Oct 10, 2023",,
"O Allah, protect the Muslims of Palestine","Oct 10, 2023",,
Allah will save you ,"Oct 10, 2023",,
"God is enough, and yes, the agent","Oct 10, 2023",,
Israel‚Äôs ongoing aggression on #Gaza. lmao u have to be kidding us,"Oct 10, 2023",,
God bless all of you !!!!   Your suffering hasn‚Äôt been forgotten for 70+yrs and it never will be.,"Oct 10, 2023",,
how about saying ‚ÄúIsreal‚Äòs ongoing counter attack‚Äù and not ‚Äúisreals ongoing aggression‚Äù,"Oct 10, 2023",,
"My thoughts and prayers goes to the people of Gaza and that of Israel. 
Killings everywhere are condemnable and if it can be avoided, it should be avoided as much as possible.
Both side should act with precautions so that matters won't get any worse than it is at the moment.","Oct 8, 2023",,
"Israel has quietly helped fuel Azerbaijan‚Äôs campaign to recapture Nagorno-Karabakh, supplying powerful weapons to #Azerbaijan ahead of its lightning offensive last month that brought the ethnic Armenian enclave back under its control, officials and experts say. 
Read more:‚Ä¶","Oct 7, 2023",,
Flatten it all,"Oct 7, 2023",,
The people of both sides lose everything.  The leaders lose nothing.,"Oct 8, 2023",,
Didn't they learn that from your lot?,"Oct 8, 2023",,
"I stand with Palestine  Retweet if you too.
I stand with Israel ,Oct 7"," 2023""",,
Surprised you never tried that before‚Ä¶,"Oct 7, 2023",,
"Live by the sword, die by the sword.","Oct 7, 2023",,
Kick ass. No need to take any names.,"Oct 7, 2023",,
"The truth about the ""issue""
And on the ""Palestinians""
""The Truth About The"" isssue
""And the"" Palestinians","Oct 7, 2023",,
Totally destroy. Let their punishment be a lesson to all Muslim countries,"Oct 8, 2023",,
Nice words! !,"Oct 8, 2023",,
"Wait for the Palesntian response, suckers.","Oct 7, 2023",,
"Wow, you just reminded me of 
@narendramodi
's line. Teach Pakistan a lesson in their language.","Oct 7, 2023",,
Show No Mercy. Long Live Israel!,"Oct 7, 2023",,
Israeli Air Force is doing what terrorists consider.,"Oct 8, 2023",,
thank you for updating us,"Oct 7, 2023",,
Sending them to their maker for judgement.,"Oct 7, 2023",,
We all need this type of language ,"Oct 7, 2023",,
Extinguish hamas !!,"Oct 8, 2023",,
Such precision by Israel airforce without causing harm to other innocent Palestinians homes deserves a Nobel peace prize ,"Oct 7, 2023","Oct 7, 2023",
"To pay back in the same coin with interest
Solution is only dialogue.So"," why choose the option of war? Why kill innocent people? Stop now """,,
Hit them Hard period ,"Oct 7, 2023",,
Invading Isreal was never a good idea ,"Oct 7, 2023",,
Keep it up .. clean it up ..,"Oct 8, 2023",,
You‚Äôre celebrating the targeting of civilians. Jewish terror against Palestinians appear to have been normalised.,"Oct 8, 2023",,
India Stand With Israel ,"Oct 7, 2023",,
Remove Palestine from world map forever,"Oct 8, 2023",,
"Take it till the ¬£nd, Israel. 
-","Oct 8, 2023",,
And they will also speak the language you will understand Insha Allah .,"Oct 7, 2023",,
Praying for you and Israel  fight back,"Oct 7, 2023",,
Shame on west,"Oct 7, 2023",,
"Hamas will be eliminated!The price to be charged by
@Idf
 It will be very large","Oct 8, 2023",,
"Palestine, just started what they can't finished, before 78 hours Israeli will level the ground of Palestine","Oct 8, 2023",,
"It is time to end Hamas for once, and for all
Am Yisrael Chai","Oct 7, 2023",,
Free Palestine,"Oct 7, 2023",,
God bless Israel  ,"Oct 8, 2023",,
When you say Ground zero it should actually mean that. Zero count of Islamic countries on Ground. That's how you make a better and peaceful world,"Oct 8, 2023",,
More of this ‚Ä¶.,"Oct 8, 2023",,
Complementary CARD...Yellow CARD will come ! Finally the RED CARD!,"Oct 8, 2023",,
Best way of ridding yourself of a disease is to wipe it out.,"Oct 8, 2023",,
This is what they deserve!,"Oct 8, 2023",,
Format (ctrl + del) Palestine from world map.. the palestian come joint to isral,"Oct 8, 2023",,
What are the rest building still waiting for?,"Oct 8, 2023",,
nuclear bomb is the solution,"Oct 8, 2023",,
Hit the Hamas leaders enjoying from Qatar,"Oct 8, 2023",,
Yep,"Oct 8, 2023",,
plasma electrical fire. 50 million. never mind the other services so far.,"Oct 8, 2023",,
Why are other houses still standing?,"Oct 8, 2023",,
Happy hunting boys.,"Oct 8, 2023",,
Wipe em all out,"Oct 8, 2023",,
Killing Innocent civilians,"Oct 8, 2023",,
This is also the only language Russia understands!,"Oct 8, 2023",,
Tehran Beirut Damascus the hills of Lebanon gaza I hear nothing until that is achieved,"Oct 7, 2023",,
Woops,"Oct 7, 2023",,
Go Israel!,"Oct 7, 2023",,
This could escalate fast. Lord have mercy ,"Oct 7, 2023",,
Floor the entire strip.,"Oct 7, 2023",,
Oppression and dehumanization of Palestinians is not an issue so is the apartheid policies of the Israeli Government.,"Oct 7, 2023",,
Not enough speaking to be honest. I expect ruthlessness from Israel and nothing less. Such a shame Israel has not gone all out. Take a leaf out of Indian playbook(read modi playbook),"Oct 7, 2023",,
Israel was built on terrorism. So im not surprised u speak the same language.,"Oct 7, 2023",,
"?? Iran , spending that $$ Joe Biden sent them ??","Oct 7, 2023",,
Well done israel,"Oct 7, 2023",,
"Good one 
with ","Oct 7, 2023",,
Terrorism is Israel's only language how do you think it became into being?,"Oct 7, 2023",,
"They need to be thought a big lesson, Hamas is an agent of darkness","Oct 7, 2023",,
But it should be 100 times louder,"Oct 7, 2023",,
Yes ooooooo,"Oct 7, 2023",,
I can see 100s of buildings still standing high . Take them down  ASAP,"Oct 7, 2023",,
Flatten the ground.. finish it once and for all,"Oct 7, 2023",,
"Holashtak, the 8 day period of  austerity is starting from 17th March till 24th March 2024. Do's and Dont's
& the spiritual practise for this period.  
Victory to Israel ,Oct 7"," 2023""",,
Don't try the power of Israel ,"Oct 7, 2023",,
Nice job,"Oct 7, 2023",,
"Hamas will be history after today 
More power to the israeli defence forces","Oct 7, 2023",,
Hit them hard once and for all so this whole thing will end,"Oct 7, 2023",,
Israel security need to speak that language more for them to hear it once and for all,"Oct 7, 2023",,
Victory to Israel ,"Oct 7, 2023",,
"How come the Israeli forces, iron dome and the entire security system on a total inactivity?
What went wrong?","Oct 7, 2023",,
We are the winner ,"Oct 7, 2023",,
Cherior to creation of the Biafra Our Omnipopotent God Of Mazi Natember for You All.,"Oct 8, 2023",,
"The Palestine faction has already spoken the language you understand, you must leave the land of Palestine or come to the table for two state solutions with Jerusalem is the eternal capital of Palestine, else you know better language","Oct 8, 2023",,
"this is the chance don't miss it, world with you, teach un forgettable lesson to the Muslim world","Oct 8, 2023",,
"Disproportionately hit back, they should remember for 7 generations","Oct 7, 2023",,
Let them Level Gaza strip to the ground.,"Oct 8, 2023",,
I want to like more such videos.,"Oct 8, 2023",,
Isreal!,"Oct 8, 2023",,
"This language they can understand only for some time and then they will come again with same mindset. 
The soultion is only to finish them completely ","Oct 7, 2023",,
Keep doing this for the coming 6 months. Relentless bombing.,"Oct 7, 2023",,
"I stand with no one, violence is never a question or an answer! Peace, peace, peace.","Oct 7, 2023",,
Dont speak.. Just level it.,"Oct 7, 2023",,
"Civilians suffering on both sides.
However, I have more sympathy with the ones who didn't consciously choose to 'settle' in occupied territory of another country.","Oct 7, 2023",,
I stand with Israel!,"Oct 7, 2023",,
Language well understood...,"Oct 7, 2023",,
One or two buildings don't matter to them.  Earlier also some buildings were destroyed but they have come back stronger and more effective,"Oct 7, 2023",,
the write word,"Oct 7, 2023",,
"Holashtak, the 8 day period of  austerity is starting from 17th March till 24th March 2024. Do's and Dont's
& the spiritual practise for this period.  
Clean it all,Oct 7"," 2023""",,
Indiscriminate killings.,"Oct 8, 2023",,
Seems not enough at this moment.,"Oct 7, 2023",,
Good,"Oct 7, 2023",,
They'll pay,"Oct 7, 2023",,
I am not Israeli but I want to thank Israel and its brave people for standing as first line of defence for the world against Islamic terrorism.,"Oct 7, 2023",,
To any Indian reading this am currently eating Cow ,"Oct 7, 2023",,
Omg,"Oct 8, 2023",,
They can‚Äôt hear you. Speak louder!,"Oct 8, 2023",,
Speak it loud and often.,"Oct 8, 2023",,
Goodness,"Oct 8, 2023",,
"You guys are having mercy on this guys,level down that entire state.","Oct 8, 2023",,
It‚Äôs not enough.,"Oct 8, 2023",,
"Hananya, brother, don't let this go in vain.... you should make this place as the name suggests a strip ... clean flat strip ..... Sorry can't sleep watching these horrific Videos coming from your brave country .... God bless","Oct 8, 2023",,
This his your army hahahahahahahaha,"Oct 8, 2023",,
"Israel needs to do lots more of this, its the only language hamas rapists understand.","Oct 8, 2023",,
Mossad is the hand of God !,"Oct 8, 2023",,
Level them!,"Oct 7, 2023",,
Iranian attack Rogue Regime Attak,"Oct 7, 2023",,
At the ice on mys minD...!,"Oct 7, 2023",,
Finished one‚Äôs and for all,"Oct 7, 2023",,
Pls they should make it louder!!!,"Oct 7, 2023",,
As should be so there is no language problems in communication.  We'll done #Israel,"Oct 7, 2023",,
Superb ,"Oct 7, 2023",,
I stand with Israel,"Oct 7, 2023",,
They need to level the place,"Oct 7, 2023",,
Don‚Äôt listen to any country or UN on ceasefire,"Oct 7, 2023",,
Action speaks louder than voice,"Oct 8, 2023",,
Jai bajarangabalee...,"Oct 7, 2023",,
"This is just one concrete structure,nothing to be happy about,is this what the Hamas deserves???","Oct 7, 2023",,
Well done. Good job Israel. ,"Oct 7, 2023",,
,"Oct 8, 2023",,
They left a bunch of buildings standing‚Ä¶.dont hold back Isreal‚Ä¶.tear it all down,"Oct 7, 2023",,
This map clearly shows you dont belong there.,"Dec 17, 2023",,
"Israel should have been settled in Uganda or in some wasteland in Europe. 
If Israel had been established in Europe, it would have been wiped out by Europeans. 
There was no state of Israel in history. Even Jews never wanted a country.","Dec 17, 2023",,
 Are you for real dude! it's like if Hindu people make a religious claim to California saying god promised it to them. Should the US then distribute California's population to the rest of the states? The solution is to live side by side in one democratic country for all.,"Dec 17, 2023",,
"History lesson:
Palestinian refugees are called that because they were moved from their lands to other areas normally.
The term refugee is not only given to people who come from outside that country but can also be refugees from the same country.
According to the 1948‚Ä¶","Dec 17, 2023",,
"History lesson:
What do you know about Nakba?","Dec 17, 2023",,
"If I come steal a small portion of what you have, is it theft or not?","Dec 17, 2023",,
Islam: the Religion of Conquest,"Dec 17, 2023",,
Why would they take them as refugees when they has their own land Palestine,"Dec 16, 2023",,
Take refugees so you can have all the land to yourself,"Dec 17, 2023",,
"Sorry Oli ‚Ä¶.Arab countries ‚Ä¶. Land in
The Arab world
You almost had it there didn‚Äôt you?
Almost","Dec 17, 2023",,
"it's not about Arabs, is it. it's about the direct descendents of the israelites keeping their land and the right for them to do so.","Dec 17, 2023",,
What's happening?,"Dec 16, 2023",,
Oil money,"Dec 16, 2023",,
You said it..The arab world,"Dec 17, 2023",,
"Zech 12
Jerusalem‚Äôs Enemies to Be Destroyed
12 A prophecy: The word of the Lord concerning Israel.
The Lord, who stretches out the heavens, who lays the foundation of the earth, and who forms the human spirit within a person, declares: 2 ","Dec 17, 2023",,
"If you care about the Israeli zionists,
Take them to the ""civilized"" world of USA and Europe. 
Why do you keep them in this danger and in the middle of ""barbaric arabs""? Give them Florida and protect them there if you care that much about them","Dec 17, 2023",,
Those living in the yellow area say to those living in the barely visible blue area: You are an invader. That's all there is to comedy.,"Dec 17, 2023",,
"Israel Admits To Killing Own Festival Goers https://youtu.be/DVNqPNN-UGY?si=WvSElC400-ilZisc‚Ä¶ via 
@YouTube","Dec 17, 2023",,
"They don‚Äôt want help Israel steeling their land 
Free Palestine","Dec 17, 2023",,
"They are not owners' shares in a company for you to distribute according to your whim, and you have no right. You are asking for the owners of the land to be evacuated to become refugees. Palestine will remain a homeland for the Palestinians, whether you like it or not.","Dec 17, 2023",,
I would never go to any Arab country  not even to experience their country.  Nothing interesting there ,"Dec 17, 2023",,
Does it seem ‚Äúyours‚Äù on this map ,"Dec 17, 2023",,
"Zionists own all of the west. They can go back there, as they all have citizenship. 
Unfortunately, Palestinians have close borders and have nowhere to go.","Dec 17, 2023",,
So right,"Dec 16, 2023",,
gay,"Dec 16, 2023",,
"This is our land, and we will leave Israel from our lands, God willing","Dec 16, 2023",,
"your post from yesterday invited to fight, crazy, right?
my emotions will be with nie people.If you post, don't think that when the division of brains he doesn't like ... you wonder you are our target - us ...","Dec 16, 2023",,
Back to your country easy,"Dec 17, 2023",,
We will give u some desert in Algeria. Go there make it your homeland.,"Dec 17, 2023",,
"Britain who created israel in 1947,  should give some of its great britain to israel. Sure the british & israeli will live happily side by side","Dec 17, 2023",,
"Just bacot wasweswos
Can be shut up or not

Your mouth smells of silicon","Dec 17, 2023",,
"River to the sea, sounds like a catch phase from a TV game ahow","Dec 17, 2023",,
"Yes, naturally they don't care about Palestine, they are more important to the world, than the humanity in Palestine, it's only natural, right looking for the world of bongs, crazy lu ndro","Dec 17, 2023",,
Why they will take them in refugees when they have their own land and they want to stay in it.,"Dec 17, 2023",,
‚Äúthey cared they would take in refugees. ‚Äú isn‚Äôt that what hitler said once upon a time to the Jews when EVERYONE in this world didn‚Äôt want to take them ‚Ä¶ nazis,"Dec 17, 2023",,
Jordan has more Palestinians than Palestine so what are you talking about ?,"Dec 17, 2023",,
"You don't really understand how countries work do you? 

Just because they are similar religions. Do European countires all jump into wars as one? 

Learn about politics.","Dec 17, 2023",,
