Comments,Unnamed: 1,neg,neu,pos
You're so warped with your sloppy talking points. You're always certain but rarely correct. Put a little effort into this complex issue and for starters- please listen to the balanced MartyrMade's 20 hour 6 part Fear and Loathing in Jerusalem series.,"Dec 18, 2023",0.738332272,0.237291276,0.024376441
BiBi says otherwise,"Dec 18, 2023",0.448428601,0.516651273,0.034920145
Ermmmm... I don't think so. Here it is from the horse's mouth:,"Dec 18, 2023",0.431248307,0.534454346,0.034297351
These words cut both ways. Keep the same logic in the days to come.,"Dec 18, 2023",0.149638027,0.779883564,0.070478424
"To Zionists, lying is like breathing.","Dec 19, 2023",0.853740633,0.141365588,0.004893828
Is their self-defense against the occupiers terrorism? Why don't you give the Zionists your land and everyone can live in peace?,"Dec 19, 2023",0.633781791,0.349622786,0.01659547
Itâs nice that you think that children should suffer for the actions of their grandparents and great grandparents.,"Dec 18, 2023",0.379876077,0.420838356,0.199285537
"These are the same opportunities Israel had to join the civilized world.
And they didn't reject every offer.  Let them keep the Temple Mount and this would have been over.
BTW, it wasn't a Palestinian who shot Rabin.","Dec 18, 2023",0.483613342,0.468037128,0.048349492
Palestine only has herself to blame for her poor decision to wear revealing clothing.,"Dec 18, 2023",0.910772681,0.085979313,0.003248064
Pure lies. Netanyahate recognized himself publicly on video that he is the one who killed the peace process with the Palestinians.,"Dec 18, 2023",0.878112316,0.116872907,0.005014748
"The level of confidence in this statement, though!
Question: Where do you get your info from? 
Do you even know why Yitzhak Rabin was assassinated, and by who?","Dec 19, 2023",0.385503143,0.572901905,0.041594923
Try again,"Dec 18, 2023",0.192613661,0.721094489,0.086291872
"Good try , 
We as Jordanians know how creepy and sick Israelis are, so no the Palestinians had no chance for anything , you kept prolonging the negotiations until it all broke down, we know all the details . You are liars","Dec 18, 2023",0.925132036,0.070849486,0.004018475
"Just another parrot   tweet without thinking, repaet without thinking.","Dec 18, 2023",0.643811703,0.324158341,0.032029998
"That's a misleading statement, bordering on outright lie. Why would you perpetuate the marginalization of a group of people?!","Dec 18, 2023",0.955781639,0.041622873,0.002595484
"Not true. Palestinians have always wanted the right to stay where they came from.
Any âsolutionâ came with major restrictions in which Palestinians had the short end of stick. Blockades, the right for isreal military to enter at anytime, control of their water, no military, etc.","Dec 18, 2023",0.585739791,0.394199073,0.0200612
Satanyahoo said it himself that he is proud to stop the Palestinian state,"Dec 18, 2023",0.285306424,0.630395889,0.084297664
Itâs not a State that theyâre afterâ¦itâs all clearly written in their Charter-,"Dec 18, 2023",0.457662165,0.508663952,0.033673923
"My thought has been that if they stopped the attacks and focused on building up the Palestinian areas, we could get a better idea of Israel's intentions.  Right now, littles are taught to throw rocks and instigate fights.  The way of being is aggression there.  The cessation","Dec 18, 2023",0.771548748,0.216964558,0.01148664
"What a sick and twisted take
of blaming the victim.
Truly bottom of the barrel.","Dec 19, 2023",0.950296044,0.04528717,0.004416864
Anyone who's familiar with the conflict says the same thing...,"Dec 18, 2023",0.176571071,0.778067768,0.045361053
"Not really. They choose to fight against the Brutal Occupation of Palestine. Why accept a partition of YOUR OWN country. 
As an oppressor, of course you will view Resistance as Terrorism.","Dec 18, 2023",0.798419774,0.191193044,0.010387182
imagine trying to dunk on people undergoing a genocide and still thinking youâre a good person,"Dec 18, 2023",0.556948423,0.371110737,0.071940877
"I'm sure you don't know anything, but what year did you have this?","Dec 18, 2023",0.16685915,0.790529549,0.0426112
They are not interested in a 2 state solution - even today. They call for the genocide was Jews.,"Dec 18, 2023",0.900526345,0.095399261,0.004074367
"In the weeks before Israel PM Yitzhak Rabinâs assassination in 1995, Benjamin Netanyahu, then head of the opposition, and other senior Likud members attended a right-wing political rally in Jerusalem where protesters branded Rabin a âtraitor,â âmurderer,â and âNaziâ for signing aâ¦","Dec 18, 2023",0.780765057,0.211479068,0.007755835
I love all these experts who have never been there.,"Dec 18, 2023",0.069609933,0.218664035,0.71172601
,"Dec 18, 2023",0,0,0
"Israel is a rogue state. 
Article from 2008 with the list. If you look 2008 to current, it gets worse.
http://david-morrison.org.uk/palestine/israel-rogue-state.htm#:~:text=Israel%20is%20a%20rogue%20state&text=Israel%20is%20a%20rogue%20state.,the%20British%20and%20Irish%20mediaâ¦
âNote:  Since 1972, the US has used its veto in the Security Council 42 times in order to prevent the passing of resolutions critical.â (1972 to 2006â¦","Dec 18, 2023",0.842554212,0.148616508,0.008829345
It must suck when your own PM throws out your propaganda claims.,"Dec 18, 2023",0.964617848,0.033080738,0.002301466
Spoken like someone who gets their history from Disney movies,"Dec 18, 2023",0.109820873,0.712184727,0.1779944
You should read some history books,"Dec 19, 2023",0.142337993,0.765684605,0.09197738
"Netanyahu (the PM of Israel for most of the last 30 years) punctured your propaganda line yesterday by admitting he had been working against a two state solution for 30 years. 
The Israelis turned down the Arab Peace Initiative of 2002 for full recognition in exchange for aâ¦","Dec 18, 2023",0.726148367,0.261246026,0.012605684
"Tsahal just bombed this night two hospitals in Gaza, war criminals have no limits","Dec 18, 2023",0.954314649,0.043121867,0.002563594
"Ooh yah, we all believe your lies..","Dec 18, 2023",0.710291624,0.26669535,0.023013048
"A serious question: How does it feel when you make a statement, to then realize that the majority of people on the face of the earth know that it is not? Even the Isra-Hell Prime minister would have tweeted back at you denying what you just posted.. how small do you feel? Howâ¦","Dec 18, 2023",0.523891926,0.424348086,0.051759973
"Ahhhhh!
So thatâs it!!
Here I was thinking it was:
â¢ territorial fragmentation; 
â¢ segregation and control;
â¢ dispossession of land and property; 
â¢ denial of economic and social rights!!
More fool me ","Dec 18, 2023",0.848477721,0.133829102,0.017693227
Everything about you is confused.,"Dec 19, 2023",0.911945879,0.08341673,0.00463738
"You donât know the history of WWI, McMahonâHussein Correspondence, the Great Arab Revolt, Balfour Declaration, etc.","Dec 18, 2023",0.576435804,0.399686217,0.023877924
Wrong,"Dec 18, 2023",0.678108931,0.301456153,0.020434914
Source? 'trust me bro - netanyahu',"Dec 18, 2023",0.030708488,0.867935538,0.101355977
"When do the Palestinians turn around and say âfuck this, weâve been fighting and dying for 75 years. Letâs find a way to make peace and let our children have a better life than we doâ
Itâs happened in most other conflicts. Eventually compromise must be made.","Dec 18, 2023",0.718543947,0.240578488,0.040877625
"Abba Eban said it best, âThe Arabs never miss an opportunity to miss an opportunity.â","Dec 18, 2023",0.040475808,0.356461197,0.603063047
Gaza could have been another Dubai.  What a pity.,"Dec 18, 2023",0.904984176,0.084653288,0.010362532
Here,"Dec 18, 2023",0.202885136,0.508743465,0.288371414
This is an outright lie lol,"Dec 18, 2023",0.768549681,0.205643296,0.025807073
"Can we discuss the conditions of these ""offers""? Maybe that would shed some light on the matter","Dec 18, 2023",0.05227726,0.906218588,0.041504189
When? Date and documents?,"Dec 18, 2023",0.085773453,0.862970889,0.05125561
"Palestine was an independent state, even declared so by the US president Roosevelt","Dec 18, 2023",0.059692603,0.833540082,0.106767349
Israel has never accepted an independent Palestinian state. You are a liar,"Dec 18, 2023",0.930918097,0.065381758,0.003700186
Itâs her fault she got raped. Itâs his fault he got robbed. Their own poor decisionsâ¦,"Dec 18, 2023",0.93348825,0.061869394,0.004642394
"True. Similarly, I read that in the 60's and 70's the U.N. tried to create hundreds of jobs with construction projects but none of the Palestinians showed up to the job sites to work.","Dec 18, 2023",0.543387651,0.417679369,0.03893296
Actually it hasnât. Israel never offered an actually independent state. You donât know what youâre talking about.,"Dec 18, 2023",0.856616855,0.133798912,0.009584224
All the land Israel sits on is Palestine.,"Dec 18, 2023",0.65757066,0.332213938,0.010215431
"Not gonna lie. As a black man, it is still very disturbing to hear or see Black folks siding with overt oppression and bigotry.","Dec 18, 2023",0.934297085,0.062881969,0.002820937
"If i say the last sentence about slavery, how long before my account is suspended??","Dec 18, 2023",0.829303801,0.165949747,0.004746354
Check,"Dec 18, 2023",0.239695802,0.587049603,0.173254624
"You're wrong. Any ""deal"" the Palestinians have been offered was never fair and was thus rejected.","Dec 18, 2023",0.874168634,0.120833464,0.004997814
"seriously, you need to find a new patron, Israel is done. Maybe you could do some drop shipping, crypto, anything else.","Dec 18, 2023",0.336461157,0.607082307,0.056456521
NOT ACCORDING TO BENJAMIN NETANYAHU THEY HAVENT REALLY,"Dec 18, 2023",0.478119642,0.498821348,0.023059009
I don't know how much hate you have in you for Palestinians. If you were from Palestine you would choose resistance. Its easy to talk about love peace living in your comfortable house. Try to think about people who are receiving dead bodies of family members their entire life.,"Dec 18, 2023",0.799501896,0.181593627,0.018904401
False. Zionist Israeli from Ben Gurion to Netanyahu had bo intention to allow the existence of a Palestinian state.,"Dec 18, 2023",0.648002267,0.340260237,0.011737397
"I guess that's why is a recognized state by two thirds of the UN but has been vetoed time and again to be a fully normalized member by 1/3 of it, and mainly by US and its veto rights.","Dec 18, 2023",0.33657378,0.619254351,0.044171866
"First time to agree wholeheartedly 
Their decision to welcÃ´me and help the Jews in 1940s is what brought all this to them. They shouldnât have done it. Imagine what could have happened when the Palestinians as well as the rest of the world rejected them to in the 40s?","Dec 18, 2023",0.461270303,0.435673654,0.103056103
"Israel has not stopped ""settlement"" expansion (AKA land theft) during even one negotiation in my lifetime.  Stopping the ""settlements"" was a precondition of every single negotiation of my lifetime.  Israel has never, not even once in 40 years, negotiated in good faith.","Dec 18, 2023",0.673436344,0.300697863,0.025865788
You seem to know more about Palestine/Israel than Palestinians and Israelis ... Have some shame and stop copying and pasting ... you are not qualified to comment on this issue,"Dec 18, 2023",0.848655105,0.142003834,0.009340995
Ahistorical nonsense,"Dec 18, 2023",0.834791183,0.152261049,0.012947766
"this is actually not true.
even if you ignore the fact that they were getting killed and their literal houses stolen.
at no point were the palestinians offered a SOVEREIGN state.","Dec 18, 2023",0.901953697,0.09231554,0.005730723
Nonsense. You obviously haven't inspected this issue at all.,"Dec 18, 2023",0.729439914,0.252538264,0.018021848
Keep this up and you'll end up right where you came from ,"Dec 18, 2023",0.00943854,0.278410405,0.712151051
FALSE,"Dec 18, 2023",0.429944187,0.518110037,0.051945727
"Yes, every chance with 0% of the land.","Dec 18, 2023",0.175377339,0.718770623,0.10585203
Not true.,"Dec 18, 2023",0.603560388,0.370244861,0.026194762
I don't think you understand the word independent.,"Dec 18, 2023",0.859564066,0.134243399,0.006192521
Your beloved Netanyahu disagrees with you. Might want to get educated on his recent comments,"Dec 18, 2023",0.677781284,0.308160245,0.014058514
"Is that the decision to fight for their stolen land and freedom. Or the decision to live, just asking to know","Dec 18, 2023",0.343808651,0.634534001,0.021657322
But Netanyahu just yesterday confessed that he frustrated the process of a two state solution.,"Dec 18, 2023",0.629421413,0.360888094,0.009690467
Poster got Jebus.,"Dec 18, 2023",0.159378976,0.750888884,0.08973217
"Putting Palestine in quotes is how racists, write it. 

 Israel has never put the offer of a sovereign Palestinian state on the table.

Gaza and the West Bank suffer as a result of Israel's three head-monster: Colonisation, Occupation and Apartheid. That oppression is real.","Dec 18, 2023",0.949500263,0.047141433,0.003358361
And standing in the shadows was israel ready to scupper any deal. israel's aim is to ethnically cleanse the land.,"Dec 18, 2023",0.648634911,0.338916242,0.01244885
Looks like someone is trying to boost their popularity again.,"Dec 18, 2023",0.26985231,0.589391828,0.140755817
Your mon must be proud of you! Damn bro our sister is white washed,"Dec 18, 2023",0.490516275,0.332673609,0.176810145
So who gave the british the right to give paletine to the zionist why should they divide something that was theirs already,"Dec 18, 2023",0.587628722,0.398998588,0.013372689
Are you sure? Or should we just accept your lies?,"Dec 18, 2023",0.643073559,0.346614808,0.010311549
Liar,"Dec 18, 2023",0.79839325,0.169520065,0.032086633
Netanyahou:  I have sabotaged the two-state solution for years and I'm proud of it (paraphrasing).,"Dec 18, 2023",0.397284865,0.382922351,0.219792768
Good job Israel  Jai hind ,"Oct 9, 2023",0.025164722,0.189749852,0.78508544
The world is blind enough not to see this,"Oct 10, 2023",0.789891481,0.19181329,0.018295199
Not enoughâ¦ need to see a nicely paved boardwalk first,"Oct 9, 2023",0.555770576,0.396671802,0.047557585
it's a positive reaction to an evil force....,"Oct 10, 2023",0.133497953,0.531668425,0.334833682
,"Oct 9, 2023",0,0,0
Ok. So?,"Oct 9, 2023",0.126993552,0.751291811,0.121714666
Modern day holocaust.,"Oct 10, 2023",0.606286526,0.368700117,0.025013305
Nobody wants to see this. And nobody wanted to see pictures of young people slaughtered in Israel either.,"Oct 10, 2023",0.96273762,0.035253234,0.002009082
Please stop this war,"Oct 9, 2023",0.830931723,0.160844266,0.008224024
"This is just the begining heheheh , we are coming to get everybody !! Israelis does not afaraid to die for the country.","Oct 9, 2023",0.202624574,0.523282707,0.274092674
Free Palestine ,"Oct 9, 2023",0.160742566,0.653473616,0.185783848
"Pray for the inocent people in #gaza and #israel .
Hope this war ends soon","Oct 9, 2023",0.241653949,0.566840291,0.191505745
We are cheering them on. Thanks for the vid.,"Oct 9, 2023",0.001963748,0.026016369,0.972019851
FALSE FLAG: We Just Had Another 9/11 Inside Job in Israel And Everyone Is Falling For It Again #IsraelPalestineWar,"Oct 9, 2023",0.867554128,0.125966772,0.006479085
Looks like winning,"Oct 9, 2023",0.008524109,0.170403242,0.821072698
https://twitter.com/thelionglass/status/1711418012509544841â¦,"Oct 10, 2023",0.178306729,0.788983405,0.032709904
"After killing so many innocent Jewish children, babies, mothers and grandmother's. 
Call #hamas for an answer.","Oct 10, 2023",0.91843766,0.077596195,0.003966087
"1/2 Show this to the Boss of Hamas. I know heâs blind and about his missing limbs.But wasnât born http://blind.So if you explain â6 level 400sqm footprint has been hit and levelledâ,heâll have the pic in front of his inner eyes.And tell him that killing 1k civilians andâ¦","Oct 10, 2023",0.870527804,0.121595867,0.007876281
"2/2 less than 200 IDF,he will do the calculation.Israel in general kills 10+ Hamas and ppl they think at anytime in life helped them for 1 Israeli.He can do Math,he has 2Billions and living a wonderful and safe life,ask if demolition of Gaza was worth it.He probably doesnât care","Oct 10, 2023",0.730618298,0.234271377,0.035110302
"The price for following Hamas is great.
Make better choices.","Oct 10, 2023",0.227424935,0.415935099,0.356639951
Pakistan stand with our Palestine Palestinian's brother's,"Oct 9, 2023",0.045388371,0.80816704,0.146444589
Our prayers are with you brother,"Oct 9, 2023",0.01309137,0.350345284,0.636563361
"The 99 Names of AllÄh;
1) Mercy
AR-Rahmaan
The Beneficent
2) The Most Merciful
AR-Raeem
The Merciful
King (3
Al-Malik
The King
Lessons (4
Al-Quddus
The Most Sacred
5) Peace
As-SALAM
The Source of Paace, The Flawless
6) The believer
Al-MUâMin
The Infuser of ...","Oct 9, 2023",0.014844424,0.823468208,0.161687329
Gaza is on fire everywhere,"Oct 9, 2023",0.873247087,0.117550649,0.009202302
"Thatâs heart breaking.
Scenes from hospital.
 #Palestine #Gaza #Hamas
you are now in the FIND OUT stage.,Oct 9"," 2023""",0.873646915,0.117284425,0.009068684
Show it to Hamas. Their fault,"Oct 10, 2023",0.827937841,0.163388684,0.008673444
A beautiful sight ,"Oct 10, 2023",0.004859665,0.060392205,0.934748113
The world doesnât care brother,"Oct 10, 2023",0.515062332,0.425451517,0.059486099
"Prayers for the people present there, may God protect them.","Oct 9, 2023",0.005608422,0.215905145,0.778486431
Pray for Gaza,"Oct 9, 2023",0.056116361,0.702394903,0.24148877
war must stop,"Oct 9, 2023",0.726303458,0.257762074,0.015934492
"This is how revenge looks, and itâs wonderful ","Oct 10, 2023",0.010972667,0.068701647,0.920325756
," 2023""",0,0,0
Stay safe brother.,"Oct 10, 2023",0.013046778,0.453127056,0.533826172
The rest of the world:,"Oct 10, 2023",0.224311858,0.695212662,0.080475487
"It's really 
IRAN VS ISRAEL
PALESTINIANS R PATSYS PAWNS BY IRAN","Oct 9, 2023",0.192287713,0.745314837,0.062397454
Good job by Israel ,"Oct 9, 2023",0.071422316,0.244094223,0.684483469
"The human cost of the Israeli-Palestinian Conflict (deaths/injuries): documented by the UN:
2008:
Palestine : 3,202
Israel : 853
2009:
Palestine : 7,460
Israel : 123
2010:
Palestine ","Oct 9, 2023",0.643710852,0.342216223,0.014072985
How about Saturday rockets? Do you share it before?,"Oct 10, 2023",0.031124663,0.927886486,0.040988814
Prayers for the oppressed people of Palestine,"Oct 9, 2023",0.251817912,0.66110158,0.087080471
May God protect the innocent citizens ,"Oct 10, 2023",0.03140863,0.372553617,0.596037745
Well done to the IDF,"Oct 10, 2023",0.008624653,0.136211976,0.855163395
HÄmmas is in the wrong!,"Oct 10, 2023",0.930115759,0.0643152,0.005569051
"The international media will never show  this. 
Western countries are totally hypocrites.
How about Saturday rockets? Do you share it before?,Oct 10"," 2023""",0.894561291,0.099202648,0.006236102
"The international media will never show  this. 
Western countries are totally hypocrites.
Seems like a good start. See what you can do without parachutes attached to tricycles?,Oct 10"," 2023""",0.745402753,0.219041377,0.035555903
 https://x.com/idangolf/statu/idangolf/status/1711427014182224285â¦,"Oct 10, 2023",0.144279584,0.819887936,0.03583255
"Since there is no electricity, some explosions will enlighten the darkness. This is awesome!","Oct 9, 2023",0.00612497,0.045239933,0.948635042
Show it to the world and the world is glad because Gaza started this war then they should live by the consequences.,"Oct 9, 2023",0.242304489,0.525840759,0.231854692
Hamas attcks everytime and then goes why is Israel attacking usâ¦,"Oct 9, 2023",0.89326942,0.103562504,0.00316802
Palestine being freed from Hamas. Painful but necessary.,"Oct 9, 2023",0.501101196,0.423709929,0.075188875
We love it ,"Oct 9, 2023",0.008267523,0.048341949,0.943390548
Hamas must be held responsible for this,"Oct 9, 2023",0.885092437,0.11126183,0.003645775
We donât care. ,"Oct 9, 2023",0.429836094,0.486157686,0.084006257
BEIRUT (AP) â Hamas military spokesman says it will kill a civilian hostage any time Israel targets Gaza civilians without warning.,"Oct 9, 2023",0.906232476,0.090945929,0.002821543
And this also,"Oct 9, 2023",0.104401633,0.775793076,0.119805299
This is really terrible.,"Oct 9, 2023",0.971597433,0.025166299,0.003236168
Whatâs the problem,"Oct 9, 2023",0.716659546,0.269267678,0.014072801
"Don't forget to climb on the top of hospital, school etc... and launch a missiles from there...and then complain when they actually strike back...because the technology can trace the missile to the point of launch....","Oct 9, 2023",0.43111667,0.506448865,0.062434524
Day before you distribute sweets when HAMAS TERRORIST attack on Israel........now enjoy DIWALI.,"Oct 9, 2023",0.804443717,0.182549,0.013007334
"Hamas = ISIS
Thatâs only the beginning!,Oct 10"," 2023""",0.535788,0.403354615,0.060857367
"Gazako L
@Netanyafu","Oct 10, 2023",0.13862507,0.768330574,0.093044326
Please stop the war,"Oct 9, 2023",0.702948093,0.282838732,0.014213199
With pleasure,"Oct 9, 2023",0.007417385,0.144051477,0.848531187
"We see what hamas did first day, thank u","Oct 9, 2023",0.016170148,0.415242374,0.568587482
delivered as ordered,"Oct 9, 2023",0.069396153,0.582692325,0.347911537
The world is COWARD,"Oct 9, 2023",0.967204154,0.029421527,0.003374388
The world is blind but Allah is the planner May he crush the enemy Ameen,"Oct 9, 2023",0.158813268,0.691519856,0.149666831
Currently jerking off to this video,"Oct 9, 2023",0.139985457,0.353895783,0.506118774
Its about time,"Oct 9, 2023",0.151861772,0.62793237,0.220205858
Good level it.,"Oct 9, 2023",0.031380456,0.338740855,0.6298787
Just make sure to show the world the videos of Hamas fighters dragging the naked body of a young lady through the streets.,"Oct 9, 2023",0.796443701,0.195758045,0.007798225
Pakistan Stand with Palestine,"Oct 9, 2023",0.067545287,0.863187611,0.069267154
We the world is happy with what is playing out right now Israel has every right to defend itself,"Oct 9, 2023",0.122881345,0.60220629,0.274912387
May Allah have his mercy upon people of Palestinians ,"Oct 9, 2023",0.045912642,0.53358829,0.420499116
"Carry on and close this asap 
We want peace","Oct 9, 2023",0.160075516,0.665318489,0.174605951
"After the massacre of at least 900 civilians by Hamas, Hamas knew that revenge would come. You know it will come. Everyone knew it would come. So what was the point in the first place? And as it looks, it's going to be long and painful","Oct 10, 2023",0.944365501,0.052447125,0.003187452
Yes.. we also saw what the horrors of 2 days ago. Face the music,"Oct 10, 2023",0.544769168,0.41486308,0.040367771
Shown and the World said - It's freaking Awesome.,"Oct 9, 2023",0.003201252,0.032806296,0.963992417
Nice,"Oct 9, 2023",0.066038311,0.354453146,0.579508483
Missed some,"Oct 9, 2023",0.552990735,0.406821609,0.04018759
We Indians are very Happy to see this.,"Oct 10, 2023",0.001131314,0.011851996,0.987016618
"The world sees it. And it looks so beautiful. 
Set your camera for more beauty ahead. 
This is not over yet.","Oct 10, 2023",0.001550845,0.016099546,0.982349575
We dont care,"Oct 10, 2023",0.314382434,0.609461606,0.076155946
This is only the beginning ,"Oct 10, 2023",0.015043764,0.268586963,0.716369271
You're not in my cream,"Oct 10, 2023",0.460356832,0.495480329,0.044162784
Why such small bombs?,"Oct 10, 2023",0.572684348,0.410951465,0.016364161
MADE IN USA,"Oct 10, 2023",0.0897891,0.809436023,0.100774914
https://x.com/israel/status/1711416779996537126?s=46&t=13pZmLVEzafP8mSmCTCgLgâ¦,"Oct 9, 2023",0.263606608,0.70743221,0.028961172
"https://nypost.com/2023/10/08/german-tattoo-artist-shani-louk-idd-as-woman-paraded-through-streets-by-hamas/â¦
Show the world who threw the first punch","Oct 9, 2023",0.168110609,0.777553678,0.054335687
Thanks for showing!! I was searching for this!! #HamasisISIS,"Oct 9, 2023",0.106685273,0.38526997,0.508044779
"World is watching everything since last 2 days , donât worry","Oct 9, 2023",0.113218687,0.748603046,0.138178185
Gaza is on fire everywhere ,"Oct 9, 2023",0.81057477,0.170188278,0.019236969
Hamas openend Pandora's box.,"Oct 9, 2023",0.592846036,0.389453322,0.017700616
"You seems me good guy,  pls tell me...
Don't you think what humas did was brutal and that can't be justified. 
Don't you ashamed of hamas","Oct 9, 2023",0.642424345,0.32920897,0.028366711
"Show to Muslims only, hope this will open their eyes","Oct 9, 2023",0.047386099,0.676178575,0.276435286
Heart broken vedios,"Oct 10, 2023",0.685858607,0.295757771,0.018383604
"Damn i love watching ""freedom fighters"" getting absolutely demolished in such high resolution! Thanks for the video, keep em coming! 
@miakhalifa
 here's more video from the ""freedom fighters"" in landscape.","Oct 10, 2023",0.067785494,0.128963321,0.803251147
Electricity is available or not?,"Oct 9, 2023",0.199991331,0.767262638,0.032746058
"God is great .. God is Nasser, God, and I am generous .. @","Oct 9, 2023",0.002644966,0.052216124,0.945138931
"Oh God, have mercy","Oct 9, 2023",0.156204984,0.588528037,0.255266935
Allah has answered your prayers and will finally free you of your own misery,"Oct 9, 2023",0.035575852,0.380283773,0.58414042
"Don't cry , Newton's third law always applies","Oct 9, 2023",0.039511014,0.467613161,0.492875844
The world already saw what your brothers shamelessly did,"Oct 9, 2023",0.754984677,0.236382082,0.008633233
Horrifying and this is just the start.,"Oct 9, 2023",0.9475317,0.047039576,0.005428694
May God help you,"Oct 9, 2023",0.005153596,0.184375003,0.810471416
This as well ,"Oct 9, 2023",0.082246095,0.75697881,0.160775125
I see retaliation.,"Oct 9, 2023",0.489566296,0.485280097,0.025153568
Pray for Palestine  but i blame Hamas for this.,"Oct 9, 2023",0.731322825,0.250845402,0.01783175
"Images like these remind us of the urgent need for peace and humanitarian assistance in Gaza. Let's pray for a swift resolution.""  #Gaza","Oct 9, 2023",0.040670227,0.512547195,0.446782559
"An age has passed in destroying,
Now I will die myself ..
Some time karma is a double edge sword ..., Oct 10"," 2023""",0.759665489,0.22313942,0.017195009
Palestine will win at the end its a promise,"Oct 10, 2023",0.036455665,0.464382052,0.499162287
Mmmmm world is enjoying can you upload on HD quality?!,"Oct 10, 2023",0.012498843,0.14882122,0.83867991
"No one cares, show what your friends of Hamas did on Saturday","Oct 10, 2023",0.802333593,0.18926312,0.008403201
We have no one but Allah,"Oct 10, 2023",0.166251615,0.74072516,0.093023241
"Did you all put in this effort to condemn Hamas on Saturday when it started this journey? This emotional sentiments are after thought,we saw on television people's jubilations when dead persons were paraded on the street, spiting, shouting Allah Akbar,what do you people expect","Oct 10, 2023",0.748850644,0.239012539,0.012136767
When u attacked Israel first u didn't talk anything u were shouting Allah kubara,"Oct 10, 2023",0.866705239,0.129546523,0.00374827
"The world don't see these scene, bcz they are not Isreali..","Oct 9, 2023",0.471237689,0.499124587,0.02963773
Well deserved,"Oct 9, 2023",0.011119459,0.12901853,0.859862089
Hahaha,"Oct 9, 2023",0.059649367,0.446549863,0.493800789
Great,"Oct 9, 2023",0.033833172,0.267107397,0.699059427
Palestine will win In Sha Allah,"Oct 9, 2023",0.02057045,0.567249358,0.412180215
need a cleaning there,"Oct 9, 2023",0.240676582,0.661257923,0.098065518
Hamas brought this to you.,"Oct 9, 2023",0.740328848,0.24986501,0.009806118
Beautiful,"Oct 9, 2023",0.006737053,0.066480607,0.92678231
Sadly world is too blind my friend ,"Oct 9, 2023",0.829287171,0.15101701,0.01969583
"Oh yes thank you, send more I love it!","Oct 9, 2023",0.001827596,0.007169459,0.991002917
Show this too....,"Oct 9, 2023",0.077400833,0.789733469,0.132865742
"A picture is worth a thousand words. 
They had it coming,Oct 9"," 2023""",0.040571295,0.442465693,0.516963005
Israel is being too easy on you savages,"Oct 10, 2023",0.935609996,0.060060661,0.004329434
Nice hit,"Oct 10, 2023",0.012123059,0.211162686,0.776714265
Hmm isn't this what Palestine wanted on Saturday?,"Oct 10, 2023",0.298903912,0.669916689,0.031179355
Candy  anyone ?,"Oct 10, 2023",0.097739369,0.800156057,0.102104582
Loving it ,"Oct 10, 2023",0.006173778,0.034326408,0.959499896
You deserve this and eaven more,"Oct 9, 2023",0.0064295,0.056249838,0.93732059
"Oh Lord, be with our people in Gaza and protect them, God","Oct 9, 2023",0.025402922,0.436757237,0.53783989
Beautiful Arab kebab ,"Oct 9, 2023",0.007042305,0.135173723,0.857783914
Donât worry the word is watching.,"Oct 10, 2023",0.154883727,0.735907674,0.109208599
You deserve that! You provoced that! Now itâs time to pay!,"Oct 10, 2023",0.073930159,0.304125279,0.621944547
"Hamas, an Islamic fundamentalist terrorist organization has kidnapped elderly women, mothers with their babies. Hamas are as brutal as ISIS. 
Please share! these babies are kidnapped and held in Gaza in horrendous conditions.","Oct 10, 2023",0.97298038,0.025187874,0.001831726
Hoo start this,"Oct 10, 2023",0.126465142,0.634157956,0.239376888
Very good all due to the IDF,"Oct 10, 2023",0.004307711,0.024209388,0.971482873
"Great video, looks stunning ","Oct 9, 2023",0.003107262,0.020856885,0.976035774
Works in progress.,"Oct 10, 2023",0.023623595,0.760171413,0.216205001
Spnsr me a latest awm sniper rifle with max scope an m249 a skorpion pistol and a safety gear and belal i swaer by my Almight Allah i will cal you from which ever border i get access to internet n if am back alive inshAllah i will share all my go pro if not im shahed Alhamdulilah,"Oct 10, 2023",0.031716298,0.798300683,0.169983059
Surrounded by muslims countrys what a shame,"Oct 10, 2023",0.938924849,0.058167133,0.002908021
we really hope and pray that this is just the beginning.,"Oct 10, 2023",0.005651291,0.131397694,0.86295104
"May Allah protect all Palestinian brothers and sisters Ameen 
Spnsr me a latest awm sniper rifle with max scope an m249 a skorpion pistol and a safety gear and belal i swaer by my Almight Allah i will cal you from which ever border i get access to internet n if am back alive inshAllah i will share all my go pro if not im shahed Alhamdulilah,Oct 10"," 2023""",0.021978239,0.633413792,0.34460789
"May Allah protect all Palestinian brothers and sisters Ameen 
Nice,Oct 10"," 2023""",0.009657458,0.442296892,0.548045635
Let the world know Hamas btought this upon the Palestinians,"Oct 10, 2023",0.55373323,0.434296429,0.011970371
It shows they hit the Hamas storage . They chose the correct targets.,"Oct 10, 2023",0.20246987,0.693613291,0.103916757
Sleep piecefully,"Oct 9, 2023",0.106111236,0.741560638,0.152328089
You are Hamas Arabic Iranian slave,"Oct 9, 2023",0.849118054,0.145709634,0.005172325
Show this to world,"Oct 9, 2023",0.020608414,0.586876988,0.392514676
Worlds biggest parking lot coming soon. ,"Oct 10, 2023",0.08915627,0.494796216,0.416047543
"Haha this is just the beginning, for the crimes you all mortals have committed","Oct 10, 2023",0.679564774,0.289943963,0.030491272
We are. Taste your own medicine. Viva Israel  ,"Oct 10, 2023",0.290379763,0.613857865,0.095762432
Nice hit.,"Oct 10, 2023",0.010806995,0.169542626,0.819650352
HAHAHAHAHAHA  WHAT LOSERS!,"Oct 10, 2023",0.658264935,0.265048385,0.076686613
"As tragic as this is, by supporting Hamas - which gets you no points optics-wise due to what they are doing, youâve only hurt your own cause by causing this to happen.","Oct 10, 2023",0.963601947,0.033657756,0.002740284
Yes.  Thus is referred to as FAFO.,"Oct 10, 2023",0.100862622,0.807747483,0.091389917
Shamo on you isal,"Oct 10, 2023",0.295335054,0.660063803,0.044601113
Just like fireworks ,"Oct 10, 2023",0.10509523,0.63908267,0.255822092
They are blind,"Oct 10, 2023",0.863812923,0.125214353,0.010972732
Thanks to Hamas,"Oct 10, 2023",0.225569293,0.682547212,0.091883473
Free Isreal,"Oct 10, 2023",0.103939608,0.738713264,0.157347113
Great job wonât take long to make a car park,"Oct 10, 2023",0.021615008,0.139662862,0.838722169
"One video shows Hamas leading four innocent Israeli civilian hostages, hands tied behind their backs. 

Another video shows the bodies of the hostages, executed together. 

This tactics are taken from Nazi playbook, for those who want to stand behind this:","Oct 10, 2023",0.884237111,0.111044496,0.004718387
Nope,"Dec 18, 2023",0.38018167,0.503022373,0.11679592
Yes ,"Dec 19, 2023",0.086334266,0.441102505,0.472563237
"I agree, tell Hamas to get out so that Palestinians can be free.","Dec 19, 2023",0.297768325,0.632205009,0.070026711
YES I support Palestinians,"Dec 18, 2023",0.026908137,0.255778909,0.717312932
Ø·Ø¨Ø¹Ø§ ÙØ§ÙÙ Yes ÙÙØ§Ù .. hope that our support will be very little something to support them,"Dec 18, 2023",0.336745232,0.540466309,0.122788422
YES AND ALWAYS. FILASTEEEN IN MY HEART TILL I DIE.,"Dec 19, 2023",0.048894696,0.244257674,0.706847608
YES,"Dec 19, 2023",0.074935891,0.322339237,0.60272491
" PALESTINE 
 Before 10/7
       May 2021","Dec 18, 2023",0.040458873,0.909626544,0.04991455
No.,"Dec 18, 2023",0.313091695,0.493618727,0.193289518
NO. I support Israel.,"Dec 18, 2023",0.655878067,0.30969739,0.034424566
Jerry finds your post funny.,"Dec 18, 2023",0.01056524,0.214340806,0.775093973
Yes,"Dec 19, 2023",0.12571165,0.473164797,0.401123613
Always yes,"Dec 18, 2023",0.024701688,0.317732692,0.657565594
yes,"Dec 19, 2023",0.138575941,0.441276997,0.420147091
Never existed. Pale-stan.,"Dec 19, 2023",0.392939389,0.553746819,0.053313777
Stop war. Why can't we have peace in this world ?,"Dec 18, 2023",0.645684063,0.325635076,0.028680937
World was so peaceful before Israel,"Dec 18, 2023",0.207854211,0.56742537,0.224720433
Save gaza save palestine and save humanity,"Dec 18, 2023",0.157935202,0.650034368,0.1920304
Yes. I support Palestine.,"Dec 18, 2023",0.022331843,0.397635996,0.580032229
I m to,"Dec 18, 2023",0.201729074,0.669264972,0.129005998
Yess,"Dec 19, 2023",0.205540597,0.46902585,0.325433552
I support Palestine.,"Dec 18, 2023",0.024650516,0.406646878,0.568702579
"URGENT !Rest in mass!
THANKS !The world must know!
The truth about ""the Promised Land""","Dec 18, 2023",0.073535375,0.464302659,0.462161899
Nope.,"Dec 19, 2023",0.382044256,0.486557692,0.131398052
Yes .. Allah,"Dec 18, 2023",0.038004145,0.662027538,0.299968243
"YES
Yes for ever In Sha Allah,Dec 18"," 2023""",0.004415429,0.213701978,0.781882584
Yes I support Palestine ,"Dec 18, 2023",0.021400677,0.351797283,0.626802087
U R liar,"Dec 18, 2023",0.890587091,0.099128053,0.010284876
"YES! YES! YES!
*FROM: Arkansas, USA","Dec 18, 2023",0.006394844,0.074302442,0.919302702
YES ,"Dec 18, 2023",0.055078465,0.299312621,0.645608902
Yes! I need more too.,"Dec 18, 2023",0.006627785,0.138096154,0.855276048
Yes for ever In Sha Allah,"Dec 18, 2023",0.011029027,0.3920784,0.596892595
"Yes!
Ã million of yes!","Dec 18, 2023",0.009932418,0.11196804,0.878099561
Yes  I stand with Palestine,"Dec 18, 2023",0.021484055,0.509007871,0.469508082
"Yes, I support Palestine .
From #Cuba .","Dec 18, 2023",0.021088803,0.413706601,0.565204561
Yeah,"Dec 18, 2023",0.166985407,0.531583607,0.30143106
YES!!,"Dec 18, 2023",0.012986357,0.091584027,0.895429552
YES!,"Dec 18, 2023",0.017216951,0.120804094,0.861979008
"Sure ,Yes, Naila.","Dec 18, 2023",0.006008626,0.325164646,0.668826699
"Yes, I support Palestine","Dec 18, 2023",0.018652791,0.368290514,0.613056719
I stand with Palestine ,"Dec 18, 2023",0.027183231,0.541153789,0.431663036
Big big yes,"Dec 18, 2023",0.013816736,0.157265335,0.828917921
Always with Palestine..,"Dec 18, 2023",0.029834265,0.684675097,0.285490632
"For God's sake, what does the word Palestine mean, what does it mean to the average Palestinian, who gave this name to the glorious Palestinian people?","Dec 18, 2023",0.692956865,0.272695363,0.034347747
free Palestine ,"Dec 18, 2023",0.154391736,0.69647032,0.149137944
I stand with Palestine.,"Dec 18, 2023",0.031603787,0.619882643,0.348513514
"yes, we must support palestinans towards safety and freedom in palestine","Dec 18, 2023",0.019954387,0.401077598,0.578968048
"Yes, end Hamas' rule on Palestinians, so there can be a 2 state solution for Israelis and Palestinians to live peacefully ","Dec 18, 2023",0.260999501,0.639970243,0.099030241
Yes!,"Dec 18, 2023",0.01536957,0.174892277,0.809738159
Yes I do,"Dec 18, 2023",0.054942772,0.488082081,0.456975102
"YES, and have supported the Palestinians since 1967","Dec 18, 2023",0.141925111,0.740616858,0.117458038
Yes. ,"Dec 18, 2023",0.052793961,0.453799009,0.493407011
"Most definitely yes I stand with Palestine, my briefcase , proudly used everyday going to work.","Dec 18, 2023",0.003174221,0.111764021,0.885061741
"Yes, I support Palestine.","Dec 18, 2023",0.016611679,0.357405365,0.62598294
Yes. I stand with Palestinian.,"Dec 18, 2023",0.032769393,0.592841864,0.374388784
Yes I stand with palestina,"Dec 18, 2023",0.012420786,0.519634843,0.467944324
Free Palestine!,"Dec 18, 2023",0.142939582,0.545651078,0.311409354
"Yes, since 1967, and Iwant to follow you.","Dec 18, 2023",0.00593377,0.357039571,0.637026668
Very yes,"Dec 18, 2023",0.014671396,0.234271407,0.751057267
"By here, from RD we support a free Palestine ...","Dec 18, 2023",0.02038992,0.579411089,0.400199026
Yes.! ,"Dec 18, 2023",0.019864559,0.223478377,0.756657064
"""We know too well that our freedom is incomplete without the freedom of the Palestinians."" ~ Nelson Mandela
Umkhonto we sizwe - Viva HAMAS","Dec 18, 2023",0.406583786,0.552135766,0.041280452
Sure,"Dec 18, 2023",0.112186506,0.512593687,0.375219762
Yes always,"Dec 18, 2023",0.040019665,0.375217676,0.584762633
From the river to the sea.,"Dec 18, 2023",0.120403126,0.731202006,0.148394898
YES! ,"Dec 18, 2023",0.018127419,0.123913556,0.857959032
Allah is gay.,"Dec 18, 2023",0.87137717,0.117739804,0.010883057
"I will not say"" Yes ""In this greed that you will follow me...
I will ""YES"" From bottom of my heart ","Dec 18, 2023",0.108572669,0.471330106,0.420097172
Yes I support Palestine,"Dec 18, 2023",0.021968028,0.408875465,0.569156468
Yes I support Palestine.....,"Dec 18, 2023",0.033285007,0.429891139,0.536823869
Yes!!!,"Dec 18, 2023",0.023776868,0.168893203,0.807329893
"YES, I support Palestine & justice for all who share the planet - together we must oppose anyone causing harms to others or destroying lives. Thanks to those working for peace 
@antonioguterres
  @VOWPeace
 @Peace_Women
 @WILPF","Dec 18, 2023",0.063146904,0.420926481,0.5159266
Yes every step of the way,"Dec 18, 2023",0.027112432,0.423374474,0.549513102
Yes,"Dec 18, 2023",0.12571165,0.473164797,0.401123613
Yes.,"Dec 18, 2023",0.08832439,0.450636774,0.461038888
Yes. But you Will not follow me,"Dec 18, 2023",0.371715456,0.589985311,0.038299315
I bet you wouldn't go and stand over there though.,"Dec 18, 2023",0.338687658,0.626743078,0.034569327
Cover your hair if you want to be taken seriously. How can you support a culture whose rules you want adhere to?,"Dec 18, 2023",0.575348735,0.401878536,0.022772681
Allhumdulillah I support only Palestine,"Dec 18, 2023",0.03790912,0.641807854,0.320282996
Always Palestine ,"Dec 18, 2023",0.107447453,0.70647788,0.186074689
"I stand with Palestine and I'll always support Palestine. Free, free, Palestine! ","Dec 18, 2023",0.00963177,0.161072567,0.829295635
"Breaking News : New Footage 
Watch scenes from the mortar lava used by the artillery heroes of the Al-Quds Brigades, which destroyed the military concentrations on the front lines in the city of Khan Yunis.
Yes! I support Palestine ,Dec 18"," 2023""",0.490456164,0.437853128,0.071690701
No,"Dec 18, 2023",0.319898963,0.495488882,0.18461211
YES...,"Dec 18, 2023",0.040862955,0.341312557,0.617824435
Why are you alive?,"Oct 8, 2023",0.357979774,0.600126088,0.041894156
Prayer's for Palestine people,"Oct 8, 2023",0.031308666,0.668329477,0.300361842
"Not enough. If you think the earth is flat, then Palestine should be flatter.","Oct 8, 2023",0.675961316,0.30561626,0.018422363
"Hamas just released pic of their special marine unit.
Prayer's for Palestine people,Oct 8"," 2023""",0.408359945,0.562140524,0.029499518
"Hamas just released pic of their special marine unit.
May Allah help palestine,Oct 8"," 2023""",0.226818994,0.694929481,0.078251563
"I am crying, please share more such disturbing pictures and videos. I want to cry more","Oct 8, 2023",0.913135529,0.076914944,0.009949544
Sow = Reap,"Oct 8, 2023",0.053801954,0.84885937,0.097338721
Plz stop war,"Oct 8, 2023",0.558226347,0.413225621,0.028548013
Flat earth is real now ,"Oct 8, 2023",0.089287147,0.676189899,0.234522983
"Throw the stone now, pass them and pass time","Oct 8, 2023",0.122811399,0.795140982,0.082047589
Wow,"Oct 8, 2023",0.024311323,0.327939868,0.647748828
"As per your beliefs ,whatever happens is as per wishes of Lord Almighty.
So ,accept it .","Oct 8, 2023",0.017587287,0.601357877,0.381054789
Subhanallah,"Oct 8, 2023",0.198500901,0.664305091,0.137194037
Allah works in mysterious ways,"Oct 9, 2023",0.045475956,0.807381809,0.147142291
May Allah protect them,"Oct 9, 2023",0.010047982,0.315373361,0.674578667
"They scream about Ukraineâs sovereignty but God forbid Palestine defends itself against 75 years of brutal Israeli occupation.
Are you tweeting from 2G?,Oct 8"," 2023""",0.855015635,0.137862369,0.007121916
"I see some intact buildings. 
@IDF
 is not using enough force. Please flatten it so that the rubble can be cleared out quickly.","Oct 8, 2023",0.514324188,0.419540435,0.066135399
I stand with Palestine and I will stand with them till I die  #PalestineUnderAttack,"Oct 8, 2023",0.3894355,0.481067836,0.129496574
Allah save Gaza Ameen,"Oct 8, 2023",0.030913306,0.588493884,0.380592763
I stand with Palestine,"Oct 8, 2023",0.031677712,0.621237993,0.347084224
so sad,"Oct 8, 2023",0.909492552,0.080550171,0.009957245
Hence it is proved that there is no Muslim Ummah....,"Oct 8, 2023",0.622086942,0.365853697,0.012059373
Very Beautiful ,"Oct 8, 2023",0.005965231,0.063367121,0.930667639
Was yesterday's Hamas attack worth that (and probably much more to come)?,"Oct 8, 2023",0.558273733,0.418056041,0.023670271
How u survived,"Oct 8, 2023",0.164823487,0.724621117,0.110555418
May Allah protect you sister. We stand with Palestine from India,"Oct 8, 2023",0.013673674,0.473154068,0.513172269
People's lives were destroyed,"Oct 8, 2023",0.959009409,0.038219448,0.002771091
"Pls those pictures is discouraging our hope, you have to stop sharing","Oct 8, 2023",0.887173712,0.105061784,0.007764552
May Allah protect our brothers and sisters Ameen,"Oct 8, 2023",0.005843328,0.32173422,0.672422469
May Allah helps,"Oct 8, 2023",0.00587939,0.312036932,0.682083666
"Allah help in this war, inshallah Palestine become free","Oct 8, 2023",0.041344073,0.602491736,0.356164247
photoshop expert..,"Oct 8, 2023",0.225100651,0.690245569,0.084653772
Ya Allah....,"Oct 8, 2023",0.183391184,0.705636024,0.110972829
"The blasphemy from which one went to the slain
This is to come.","Oct 8, 2023",0.41754207,0.563432753,0.019025231
"Whoever is the cause of his illness crying himself.
(Dante Alighieri. Divine Comedy, Hell, Canto XXIX)","Oct 8, 2023",0.557452738,0.420770913,0.021776266
"GazaUnderAttack
I can still see few structures. More flattening is needed.,Oct 8"," 2023""",0.645242095,0.338343829,0.016414054
Alhamdulillah you still alive. I got worried when you didn't post anything for 8 hrs ,"Oct 8, 2023",0.477830559,0.460076898,0.062092494
Khushi talks,"Oct 8, 2023",0.131148711,0.773885667,0.094965592
"Nice
Iranian stand with israel","Oct 8, 2023",0.171504959,0.650330484,0.178164601
Do update us frequently as these pics are soothing to our eyes ,"Oct 8, 2023",0.002613883,0.09948232,0.8979038
"I deliberately write in Persian that is more painful.
Israeli missiles.
Allowy you deserve the rocket","Oct 8, 2023",0.935943007,0.060321737,0.003735246
Omg you still alive thank God.. I'm scared  btw Rip for #gaja #palastin and Plss don't forget to posting such wonderful scenes...time to time,"Oct 8, 2023",0.006593136,0.058093939,0.935312867
Thanks #Israel,"Oct 8, 2023",0.085914589,0.54688257,0.367202818
Keep up -covered avri and till you become lovely to Allah,"Oct 8, 2023",0.007239592,0.225054622,0.767705739
Free Gaza from ,"Oct 8, 2023",0.182484582,0.741344571,0.076170824
"Our Prime Minister Imran Ahmed Khan Niazi
@ImranKhanPTI","Oct 8, 2023",0.026648773,0.886296093,0.087055176
"Ye sab
@Arvindkejriwal
 karva raha hai","Oct 8, 2023",0.135884985,0.799193323,0.064921618
"Keep us updated
Allah rehem kre,Oct 8"," 2023""",0.02037655,0.907768428,0.071855001
"Great!
We are coming for you ","Oct 8, 2023",0.016720511,0.125788853,0.857490659
Keep us posted,"Oct 8, 2023",0.030882282,0.7355479,0.23356986
Gaza's ring,"Oct 8, 2023",0.168129817,0.721112311,0.110757872
Awesome,"Oct 8, 2023",0.00833755,0.083822243,0.907840252
"Where is Allah why is Allah supporting jews and not Muslims 
Allah is yahudi ","Oct 8, 2023",0.636014223,0.352720946,0.011264829
Surunderands.,"Oct 8, 2023",0.238706484,0.671285689,0.090007856
Beautiful ,"Oct 8, 2023",0.011133139,0.097848192,0.891018629
"Selfie karlo dar
Many people are waiting for your paradise","Oct 8, 2023",0.023730582,0.432266653,0.544002712
"Go outside, click & send more pictures we need ","Oct 8, 2023",0.028941017,0.631537616,0.339521319
Are u ok baby girl,"Oct 8, 2023",0.040878866,0.7833547,0.175766453
Sexy Pictures ,"Oct 8, 2023",0.070724927,0.692173004,0.237102032
"Inshallah,","Oct 8, 2023",0.042823948,0.602791607,0.354384512
Looking as beautiful as u,"Oct 8, 2023",0.002030944,0.025749134,0.972219884
Looks so beautiful,"Oct 8, 2023",0.002035065,0.012776409,0.985188484
"Message from Jerusalem Brigade Spokesman Abu Hamza:
""There is no way other than 2 routes. Victory or evidence""","Oct 8, 2023",0.236294657,0.720114112,0.043591198
"Sights of relief 
Thanks Israel for this.","Oct 8, 2023",0.010420037,0.122684054,0.866895854
Beautiful pic  please post more,"Oct 8, 2023",0.002658091,0.027181996,0.970159888
Really bad,"Oct 8, 2023",0.84382087,0.139671996,0.016507154
"How are you still alive? Israel needs to do the job much more carefully. Its now or never, #SupportIsrael #IStandWithIsrael #isr","Oct 8, 2023",0.526983976,0.413172066,0.059843931
Wow ,"Oct 8, 2023",0.030052977,0.289332867,0.680614114
Wait for some days Ghaza will be past.,"Oct 8, 2023",0.09020853,0.858576536,0.051214963
Heartwarming scenes. This is lovely.,"Oct 8, 2023",0.001980437,0.00945958,0.988560021
"Damn, how fast the time changes!","Oct 8, 2023",0.628158212,0.278593779,0.093248114
Very nice pictures,"Oct 8, 2023",0.002709483,0.022428486,0.974862039
Subahanallah,"Oct 8, 2023",0.202473924,0.694638968,0.102887116
Come hi,"Oct 8, 2023",0.06205678,0.605600834,0.332342416
"Mashallah, Glory be to God ...","Oct 8, 2023",0.004764572,0.204372838,0.79086256
U r still alive ...I m worried for you ,"Oct 8, 2023",0.263354272,0.636002183,0.100643516
Satisfying ,"Oct 8, 2023",0.010963007,0.13139917,0.857637823
Forgotten,"Oct 8, 2023",0.285736948,0.646305621,0.067957409
WoW ,"Oct 8, 2023",0.133143723,0.687525749,0.179330587
GAzA after a few days:,"Oct 8, 2023",0.037326928,0.896330357,0.066342622
What is Gaza?,"Oct 8, 2023",0.231090814,0.728621006,0.040288098
"Keep sharing such heartbreaking pics regularly, especially when the buildings in the background go down as well.","Oct 8, 2023",0.729349613,0.244966537,0.025683874
Inshallah you will see more ....,"Oct 8, 2023",0.00814277,0.408848733,0.583008528
Say Thank you to #Israel  you are now  1400 yrs back say hi to .....,"Oct 8, 2023",0.030074202,0.56335628,0.40656957
Israel to Palestine While Countering  ,"Oct 8, 2023",0.292310119,0.684259593,0.023430239
We listened what they had to say on Oct 7th. We saw the polls where 72 percent of them agreed that Oct 7th was justified. What else is to be done?. Max we can wish for ceasefire(I do) but nothing more than that. And yes Hamas needs to be destroyed for once and for all.,"Dec 15, 2023",0.575728238,0.375888348,0.048383385
"dear propagandist,
many of us have been there. we come away understand that Israel is fighting for its very existence, palestinians are a violent bunch and palestinians reject peace.","Dec 14, 2023",0.884055138,0.110008426,0.005936524
The world is waking up!,"Dec 14, 2023",0.00373427,0.104983218,0.891282499
""" The fact that they changed the name in 1948 didn't make it stop Being Palestine  ""
I have an  enormous respect for @mikopeled. I learned so much this all years about Palestine watching his speech.
Interview by @KimIversenShow , I have respect to her too, when I saw her videosâ¦","Dec 15, 2023",0.026108513,0.220513508,0.753378034
"where on earth did you go .... certainly not to Israel ... perhaps to Gaza, Syria, Jordan, Egypt, Iran. Iraq. You are confused","Dec 15, 2023",0.831142128,0.157252684,0.011605168
"see it for yourself
they lie to ya...","Dec 15, 2023",0.662908971,0.318790168,0.018300876
Synagogue of Satan: Apocalyptic Genocide in Bethlehem for Hannukah #ZionistTerror,"Dec 15, 2023",0.823003352,0.170163989,0.006832697
"I did, and they all blame Hamas for bringing this war to their houses.","Dec 15, 2023",0.869200706,0.125489354,0.005309923
Kind of like here at home why arenât ppl standing up for ourselves is what gets me,"Dec 15, 2023",0.729515731,0.250171602,0.020312726
"sure , shill
everyone's just running there ","Dec 15, 2023",0.433677733,0.515088677,0.051233537
That was the worst attempt at using leftist talking points and circular reasoning to justify nothing I've ever seen.,"Dec 15, 2023",0.963188827,0.03443943,0.00237175
"I also lived in Israel for 40 years and been to Gaza and the west bank.
Sadly, this is actually the main Palestinian indoctrination
Where you see a parent crying over a baby, I see parents who knowingly sacrificed their baby","Dec 15, 2023",0.953576982,0.043979026,0.002444016
Meanwhile in Gaza,"Dec 15, 2023",0.333942384,0.63219893,0.033858731
Yet he wears a Hamas scarf. Heâs literally supporting terrorists. ,"Dec 15, 2023",0.916049242,0.078471407,0.005479359
"When you taste Palestinian olive oil, you will know by its taste whether it was made by the real owners of the land or not.","Dec 14, 2023",0.327599823,0.653783977,0.018616226
"O Allah, protect and bring peace to Palestine. Ease their struggles and grant them justice. Ameen.","Dec 14, 2023",0.020323018,0.461457849,0.518219113
"Big message 
Tiny microphone","Dec 14, 2023",0.034206912,0.582183361,0.383609772
"Why would I ever want to go to Gaza? 
This is not Americans problem. Start protesting the fact most people in this country are paycheck to paycheck, rising credit debts, and thr vast amounts of homelessness","Dec 15, 2023",0.954325199,0.042514961,0.003159886
"TRUTH BOMBS.
Douglas Murrayâs spectacular tirade against Palestine supporters https://youtu.be/K7cWPArzbXg?si=Oh2WzLXiO6Eh0372â¦ via 
@YouTube","Dec 15, 2023",0.672513187,0.304060757,0.023426142
Wouldnât be lovely if queer Americans for palestine actually go and parade there? Iâd sponsorâ¦,"Dec 15, 2023",0.082396246,0.510432482,0.407171249
"A journey from stones to rockets.
Huge up!,empty
Huge up!,empty
Uhuh"," so go back.""",0.452338576,0.447311312,0.100350097
"No itâs awful but, Gaza attacked Israel. Israel counterattacked. Now Gaza is under siege. The whole point of any siege is to make the lives of the besieged as uncomfortable as possible so that they decide to surrender. All of the  pathetic, awful scenes we see are from that siege","Dec 15, 2023",0.959541559,0.037373003,0.003085403
How is it apartheid when it involves people holding different citizenships?,"Dec 15, 2023",0.571276844,0.417101413,0.011621733
Too effeminate,"Dec 15, 2023",0.966386497,0.030353144,0.003260318
"Trying to follow the cult logic 
How can it be both occupation and apartheid?
Occupation means there are foreign (Israeli) soldiers in native (Palestinian) land 
Apartheid is one state with two sets of rules for different peoples / races. But Palestinians are not Israelis, soâ¦","Dec 15, 2023",0.671301067,0.31218937,0.016509555
"Respect & solidarity with EU workers, all across the world people demand a ceasefire NOW
EU staff organize a sit-in outside the European Commission headquarters in Brussels to demand an immediate ceasefire in Gaza #CeaseFireNow #GazaGenocide #Palestine","Dec 14, 2023",0.192220345,0.686925709,0.120853975
THANK YOU A LOT! FOR YOUR HONESTY!,"Dec 15, 2023",0.001331855,0.015537184,0.983130932
"They allowed the visitors of other countries  and their forces and checked posts for  Palestinians were really  cruel.
They had  teenagers in their force that were very aggressive with Palestinians..","Dec 15, 2023",0.874889374,0.11855375,0.006556931
You need to go back then!,"Dec 15, 2023",0.158508986,0.643741667,0.197749391
No thanks. Keep it in the Middle East,"Dec 15, 2023",0.416577876,0.549181104,0.034241032
"You ever notice these propaganda are all on TikTok and not a reputable source 
The youth is easily manipulated.","Dec 15, 2023",0.873593032,0.119665474,0.006741526
The âdear Americansâ would be butchered !,"Dec 15, 2023",0.901638627,0.091452926,0.006908443
America is woke up too MSM lies ,"Dec 15, 2023",0.640661359,0.313985527,0.045353133
"We should all visit Palestina specially taking our kids
They are the ones who will change the world at the end of the day","Dec 14, 2023",0.008181845,0.189526066,0.802292109
Just truth in the open social media wave ,"Dec 14, 2023",0.072801329,0.761427343,0.165771291
"Yes, go to Palestine before there are no more Palestinians left to talk to :( 
Palestinians are liars.,Dec 14"," 2023""",0.939405859,0.05703453,0.003559545
Must watch:,"Dec 14, 2023",0.003854668,0.197639674,0.798505604
"Now the course of history has changed!
ÎÎ¿ one in the whole world will be able to deny or forget the holocaust of Gaza!
Zionists will forever be accountable for thatlike their Nazi ancestors and they will have their end!
Long live the heroic and victorious Palestinian Resistance!","Dec 14, 2023",0.695275009,0.262646168,0.042078808
,"Dec 14, 2023",0,0,0
I can sympathize honestly,"Dec 14, 2023",0.025479103,0.342074603,0.632446289
How many jews you see in Jenin?,"Dec 14, 2023",0.189204469,0.793267429,0.017528024
 ISRAEL DONT CARE ABOUT THE CHILDREN!,"Dec 14, 2023",0.938475072,0.05669063,0.004834348
Reasons for the wall:,"Dec 15, 2023",0.102883242,0.847976387,0.049140379
I absolutely plan to go to #Gaza as soon as I can to hold my friends and help them. ,"Dec 15, 2023",0.004191702,0.118714869,0.877093494
,"Dec 15, 2023",0,0,0
You should go there right now! Great prices on hotels!,"Dec 15, 2023",0.001294781,0.024259048,0.974446237
Perfectly said,"Dec 15, 2023",0.019244686,0.161686853,0.819068491
Pathetic.,"Dec 15, 2023",0.762732029,0.205206811,0.03206113
"Just so I understand if what he says is true, there were Israelis there a long time ago, but were kicked out. So they do historically come from the area. He, with German heritage, can go live there if he wants, because there is a Germany. He doesnât have to kick anyone outâ¦","Dec 15, 2023",0.356430888,0.586092234,0.057476878
Exactly!,"Dec 15, 2023",0.092401579,0.412156463,0.495441943
I doubt he was ever there...,"Dec 15, 2023",0.529782057,0.4410384,0.029179558
Then I suggest everyone in America who are protesting for Palestine go over there and help. But yâall wonât cause YOUR COWARDS!!!!,"Dec 15, 2023",0.885895014,0.104365446,0.009739568
"Nice towel, Skippy.","Dec 15, 2023",0.012085114,0.173973665,0.81394124
Their is no Israelis in Gaza Israel gave back Gaza in 2005  I wonder how much they pay you to lie qutar gave 30 million every month - the money spent to build tunnels and buy American weapon that America gave to the Ukrainian that was sold in black market,"Dec 15, 2023",0.731965721,0.255068243,0.012966014
This is the only language the savages and their supporters can understand.,"Dec 15, 2023",0.661100268,0.312489301,0.026410401
There is no palestine.,"Dec 15, 2023",0.5326823,0.44501397,0.022303702
Not a word about the torture the palestinians performed?,"Dec 15, 2023",0.886237264,0.110740051,0.003022637
Happy Hanukkah from America,"Dec 15, 2023",0.001219927,0.033353206,0.965426922
"Today I was among the journalists who have attended a private screening of the raw footage of October 7th and I want to express to you what I saw since itâs not been made public. Itâs been a very heavy day. A decision was made that Jews are less than human, and treated that wayâ¦","Dec 15, 2023",0.818160295,0.167463556,0.014376136
NO RELIGION,"Dec 14, 2023",0.45942533,0.46685788,0.073716834
Look at MSM:,"Dec 14, 2023",0.284149677,0.678664029,0.037186291
lol false,"Dec 14, 2023",0.450211465,0.486946404,0.062842168
Thatâs what theyâll tell yaâ¦,"Dec 14, 2023",0.288947344,0.657457292,0.053595338
"Ameen, Ameen, Ameen, at least some people get it.","Dec 15, 2023",0.020463636,0.518381536,0.461154819
"Yep, do it..","Dec 15, 2023",0.040117368,0.461346269,0.498536348
Gazaâs sky is black but Qatar is always sunny.,"Dec 15, 2023",0.02300293,0.509716868,0.467280239
Sure. Dershowitz used to being a bunch of his woke students there every year. They can away feeling they had been lied to.,"Dec 15, 2023",0.498820543,0.459673107,0.041506376
"'WE REVEALED NEARLY 150 ISRAEL LIES' Israel attacked Al-Ahli Hospital, saying 'Hamas has weapons shelters' there. In this attack on Al-Ahli Hospital, he shamelessly said that 'Hamas' did this. Be careful while doing this, disinformation is now being spread by civil servants in !!","Dec 15, 2023",0.859654486,0.134382039,0.005963443
Hamas organized a ceasefire and exchange. They can stop this in one second.,"Dec 15, 2023",0.530499279,0.435860693,0.033640064
"How is it apartheid when Palestine and Israel are two different countries and governed by two different govts. 

The other thing is Palestinians gets so much of donations, they could have built better public  infrastructure  rather than spending the money on tunnels, rockets","Dec 15, 2023",0.76284188,0.222447217,0.014710936
"Did you see the history between them? Did Hamas kill civilians? Oh wait, yes.","Dec 15, 2023",0.688216031,0.298653454,0.013130554
"The guy in this video has no idea what he is talking about. Given his position the Palestinians ought to just accept the reality that Israel is there to stay, find ways to live in peace with them instead of constantly starting wars by attacking them and then losing those wars.","Dec 15, 2023",0.825431049,0.165884838,0.008684101
He said whole lot of nothing,"Dec 15, 2023",0.779558957,0.208241746,0.012199309
Canât the Hamas propaganda get better than this?,"Dec 15, 2023",0.690269709,0.253432095,0.056298248
Another kaffir in his cheap Chinese knockoff kefiyah. Blah blah blah blah blah blah,"Dec 15, 2023",0.787365198,0.193141654,0.019493131
Itâs so ethic cleansing that Israel is the Jewish piece surrounded by Arabs on all sidesâ¦ but yea..,"Dec 15, 2023",0.785026371,0.201345995,0.013627702
"You really donât know anything sir, especially the history of Hamas!","Dec 15, 2023",0.862386644,0.128104895,0.009508516
,"Dec 15, 2023",0,0,0
WE have heard the words from many of the palestinans. 80 % + approve of what hamas done. Approve of the wiping out of the israelis by any means. Approve of teaching their children that to be a marytr is their highest achievement. That killing by any means is their highest honor,"Dec 15, 2023",0.20729284,0.477494121,0.315213054
Yeah speak to Arabs in Israel,"Dec 15, 2023",0.276593894,0.702099681,0.021306472
I donât under get the arguement that this is not a religious war and Palestinians are shouting Alahu Akbar while killing Israelites.,"Oct 10, 2023",0.907425404,0.088457063,0.00411749
"hey dude, you started it...just wtf did you expect?????","Oct 10, 2023",0.694620252,0.287647903,0.017731803
"Itâs all the call centers they have. Now they are tweet centers. 
@elonmusk
 musk should look into this, they get paid to encourage hatred and extreme violence.","Oct 10, 2023",0.888390064,0.105591536,0.006018421
Hamas is ISIS,"Oct 10, 2023",0.786560416,0.204045415,0.009394128
"Palestine is free, Arab, victory is coming soon","Oct 10, 2023",0.015448724,0.233419552,0.751131773
Well you attack Israel!,"Oct 10, 2023",0.902220905,0.091829576,0.005949527
"Stop war
Embrace peace ","Oct 10, 2023",0.136526838,0.615108609,0.248364508
how did it come to this,"Oct 10, 2023",0.460984498,0.489470899,0.049544562
"ð°ðððððð ðððððððð ððððð ððð
Israeli airstrikes targeted the Al-Shati and Jabalia refugee camps on Monday"," killing a """"large number"""" of people",0.369603813,0.605518281,0.024877843
Crocodile tears,"Oct 10, 2023",0.564804792,0.396097124,0.039098028
Poor little thing. Stop whining assume consequences of your barbarism !,"Oct 10, 2023",0.935425222,0.056873057,0.007701763
What are the reasons behind India's  support for Israel  ? Is it primarily influenced by religious differences with the other side?,"Oct 10, 2023",0.338350564,0.647726417,0.013922947
,"Oct 10, 2023",0,0,0
Allah will save u,"Oct 10, 2023",0.020049244,0.43703571,0.542915046
May Allah give you sabr,"Oct 10, 2023",0.013641905,0.533991218,0.452366859
"Israeli airstrikes targeted the Al-Shati and Jabalia refugee camps on Monday, killing a ""large number"" of people, according to the Palestinian Ministry of Health in #Gaza. Video obtained by CNN shows the aftermath of the strike on the Al-Shati camp.","Oct 10, 2023",0.828547835,0.166342244,0.005109868
Human tragedy repeated over and over again...,"Oct 10, 2023",0.928678095,0.0663445,0.00497743
Allah please help Palestine people ,"Oct 10, 2023",0.075969927,0.589243531,0.334786505
, the 8 day period of  austerity is starting from 17th March till 24th March 2024. Do's and Dont's,0,0,0
& the spiritual practise for this period.  ,,0.070554689,0.881251991,0.048193276
Where was he two days ago?,"Oct 10, 2023",0.121598527,0.842850029,0.035551451
We only and always pray for peace in this country,"Oct 10, 2023",0.010212097,0.257240593,0.732547283
Letâs Pray  for PEACE,"Oct 10, 2023",0.007318966,0.310891986,0.681789041
"The retaliation has only just begun, says israels netanyahu.
   
There was peace all around",Hamas attacked the Israeli citizens and disturbed peace.She is going to go on both sides due to Hamas.,0.251088887,0.64680481,0.102106363
"America should find a middle path.Palestinian leaders should also pressurize Hamas and 100 Israel citizens held hostage should be released unconditionally. ""","Oct 10, 2023",0.256147325,0.681612849,0.062239796
Did you probably get into the eye?,"Oct 10, 2023",0.231421277,0.741946101,0.02663267
"Hopefully, There will be not enough tears to turn off the fire","Oct 10, 2023",0.366246849,0.494634658,0.139118418
Never seen the Palestinian press react like this.,"Oct 10, 2023",0.706479609,0.28212747,0.011392942
Takes a lot of courage to do this. Not a video game,"Oct 10, 2023",0.386572391,0.497682571,0.115745068
Cry me a river,"Oct 10, 2023",0.695468903,0.273050159,0.031480961
"Should've cried 2 days ago, when they started this","Oct 10, 2023",0.751709878,0.22654587,0.021744261
First you should not do Bakchodi: Neither tohâ¦ first you will be a missile thief and then the person will take you ...Sympathy card will play,"Oct 10, 2023",0.844915211,0.147157326,0.007927523
"May Allah SWT protect him and grant him some peace. No one should have to feel this way, this is so heartbreaking ","Oct 10, 2023",0.618547916,0.31883353,0.062618583
Was he crying on Saturday?,"Oct 10, 2023",0.22383517,0.750107467,0.026057335
His tears are just trying,"Oct 10, 2023",0.510032177,0.45107168,0.038896203
Just you wait we are coming for all of you,"Oct 10, 2023",0.103692733,0.679530919,0.216776401
I guess that the tears are not for the IsraÃ«lische people ...,"Oct 10, 2023",0.694563925,0.283482134,0.021954006
Why are u crying after all this,"Oct 10, 2023",0.786526859,0.202645823,0.010827314
whereâs allah?,"Oct 10, 2023",0.187274694,0.786290824,0.026434517
Fuck palestine,"Oct 10, 2023",0.938399553,0.055322278,0.006278152
Muslims testing their #Karma in #Gaza,"Oct 10, 2023",0.495439768,0.492601871,0.011958268
Destroy Palestine  ,"Oct 10, 2023",0.828780174,0.158458412,0.012761367
"Subood, Long Live Israel","Oct 10, 2023",0.301833153,0.625373423,0.072793379
Chahad covers the massacre,"Oct 10, 2023",0.623705089,0.364420891,0.011874016
They brought this on themselves,"Oct 10, 2023",0.861328185,0.130383104,0.008288757
Distribute sweets and celebrate. It's party time,"Oct 10, 2023",0.001625031,0.04171795,0.956657052
Blame Hamas,"Oct 10, 2023",0.71279496,0.275991768,0.011213266
His goat broke up with him. Baaaahhh,"Oct 10, 2023",0.870408773,0.118710995,0.010880275
Heartbreaking ,"Oct 10, 2023",0.689963162,0.266794145,0.043242723
Israel aggression????????,"Oct 10, 2023",0.706521034,0.283706397,0.009772545
Blame HAMAS!,"Oct 10, 2023",0.546910524,0.40212217,0.050967276
LOL I LOVE satire.,"Oct 10, 2023",0.014031725,0.046863176,0.939105093
But we Stand with PALESTINE,"Oct 10, 2023",0.012786836,0.600694895,0.38651827
Aww bless him God knows what he's seen ,"Oct 10, 2023",0.02566812,0.263215005,0.71111691
He has seen nothing yet.,"Oct 10, 2023",0.388882786,0.580378592,0.030738611
Why majority of muslim countries supporting hamas?,"Oct 10, 2023",0.550067365,0.437959671,0.011972906
Karmaâ¦,"Oct 10, 2023",0.33485651,0.639736772,0.025406716
"In recent hours, Hamas has been calling the parents of the kidnapped women and recording them being raped. They tell the parents, ""We killed the ugly ones, we are now going to rape your daughters.""","Oct 10, 2023",0.89986515,0.096386537,0.003748337
Retaliation not aggression,"Oct 10, 2023",0.300753355,0.65874815,0.040498517
Don't start what you can't finish,"Oct 10, 2023",0.571104467,0.397827804,0.031067707
Fucked around and found out ,"Oct 10, 2023",0.69520551,0.27817899,0.02661554
May Allah help you and grant protection ,"Oct 10, 2023",0.006223653,0.271346867,0.722429514
May Allah protect Palestinian Ameen,"Oct 10, 2023",0.009248877,0.392974794,0.597776353
You asked for it. Don't cry foul now.,"Oct 10, 2023",0.369213372,0.559466541,0.071320094
This is what happens in war.,"Oct 10, 2023",0.669982493,0.314268708,0.015748801
"O Allah, protect the Muslims of Palestine","Oct 10, 2023",0.095420249,0.802759826,0.101819985
Allah will save you ,"Oct 10, 2023",0.022538045,0.408808231,0.568653703
"God is enough, and yes, the agent","Oct 10, 2023",0.017333372,0.353138894,0.629527748
Israelâs ongoing aggression on #Gaza. lmao u have to be kidding us,"Oct 10, 2023",0.87915796,0.108468793,0.012373214
God bless all of you !!!!   Your suffering hasnât been forgotten for 70+yrs and it never will be.,"Oct 10, 2023",0.076670565,0.207235008,0.716094434
how about saying âIsrealâs ongoing counter attackâ and not âisreals ongoing aggressionâ,"Oct 10, 2023",0.706999898,0.280476421,0.012523765
"My thoughts and prayers goes to the people of Gaza and that of Israel. 
Killings everywhere are condemnable and if it can be avoided, it should be avoided as much as possible.
Both side should act with precautions so that matters won't get any worse than it is at the moment.","Oct 8, 2023",0.745841146,0.226633534,0.027525263
"Israel has quietly helped fuel Azerbaijanâs campaign to recapture Nagorno-Karabakh, supplying powerful weapons to #Azerbaijan ahead of its lightning offensive last month that brought the ethnic Armenian enclave back under its control, officials and experts say. 
Read more:â¦","Oct 7, 2023",0.174456879,0.727973938,0.097569227
Flatten it all,"Oct 7, 2023",0.105361328,0.773962915,0.12067578
The people of both sides lose everything.  The leaders lose nothing.,"Oct 8, 2023",0.770901024,0.212688312,0.016410729
Didn't they learn that from your lot?,"Oct 8, 2023",0.494225144,0.48336038,0.022414424
"I stand with Palestine  Retweet if you too.
I stand with Israel ,Oct 7"," 2023""",0.053900048,0.726170301,0.219929695
Surprised you never tried that beforeâ¦,"Oct 7, 2023",0.038103938,0.363562942,0.59833312
"Live by the sword, die by the sword.","Oct 7, 2023",0.367989033,0.591922879,0.04008811
Kick ass. No need to take any names.,"Oct 7, 2023",0.284396559,0.519873798,0.195729598
"The truth about the ""issue""
And on the ""Palestinians""
""The Truth About The"" isssue
""And the"" Palestinians","Oct 7, 2023",0.232040435,0.732790232,0.035169329
Totally destroy. Let their punishment be a lesson to all Muslim countries,"Oct 8, 2023",0.913555086,0.082334414,0.004110506
Nice words! !,"Oct 8, 2023",0.005821755,0.052806627,0.941371679
"Wait for the Palesntian response, suckers.","Oct 7, 2023",0.82947284,0.160134494,0.010392694
"Wow, you just reminded me of 
@narendramodi
's line. Teach Pakistan a lesson in their language.","Oct 7, 2023",0.361261696,0.498163134,0.140575185
Show No Mercy. Long Live Israel!,"Oct 7, 2023",0.515347719,0.379886866,0.104765445
Israeli Air Force is doing what terrorists consider.,"Oct 8, 2023",0.791756809,0.202020466,0.006222668
thank you for updating us,"Oct 7, 2023",0.002475672,0.058093715,0.939430594
Sending them to their maker for judgement.,"Oct 7, 2023",0.37711519,0.603004277,0.019880535
We all need this type of language ,"Oct 7, 2023",0.064729169,0.620550036,0.31472075
Extinguish hamas !!,"Oct 8, 2023",0.175602257,0.715149403,0.109248333
Such precision by Israel airforce without causing harm to other innocent Palestinians homes deserves a Nobel peace prize ,"Oct 7, 2023",0.581944287,0.362991631,0.055064138
"To pay back in the same coin with interest
Solution is only dialogue.So"," why choose the option of war? Why kill innocent people? Stop now """,0.193871975,0.741248727,0.064879291
Hit them Hard period ,"Oct 7, 2023",0.240680367,0.63734144,0.121978186
Invading Isreal was never a good idea ,"Oct 7, 2023",0.804257989,0.180507973,0.015234104
Keep it up .. clean it up ..,"Oct 8, 2023",0.057430852,0.461701065,0.480868131
Youâre celebrating the targeting of civilians. Jewish terror against Palestinians appear to have been normalised.,"Oct 8, 2023",0.817657948,0.171368539,0.010973584
India Stand With Israel ,"Oct 7, 2023",0.17977196,0.77467829,0.045549653
Remove Palestine from world map forever,"Oct 8, 2023",0.700994849,0.28596428,0.01304087
"Take it till the Â£nd, Israel. 
-","Oct 8, 2023",0.360168517,0.590461016,0.04937049
And they will also speak the language you will understand Insha Allah .,"Oct 7, 2023",0.024694696,0.81477505,0.160530195
Praying for you and Israel  fight back,"Oct 7, 2023",0.032646246,0.556020141,0.41133365
Shame on west,"Oct 7, 2023",0.921362162,0.073638342,0.004999446
"Hamas will be eliminated!The price to be charged by
@Idf
 It will be very large","Oct 8, 2023",0.346279591,0.519520283,0.134200111
"Palestine, just started what they can't finished, before 78 hours Israeli will level the ground of Palestine","Oct 8, 2023",0.753277123,0.233025953,0.013696901
"It is time to end Hamas for once, and for all
Am Yisrael Chai","Oct 7, 2023",0.388085574,0.547879934,0.064034455
Free Palestine,"Oct 7, 2023",0.19413209,0.667797983,0.138069898
God bless Israel  ,"Oct 8, 2023",0.007623318,0.11240606,0.87997067
When you say Ground zero it should actually mean that. Zero count of Islamic countries on Ground. That's how you make a better and peaceful world,"Oct 8, 2023",0.253994912,0.534012496,0.211992621
More of this â¦.,"Oct 8, 2023",0.378988892,0.552521765,0.06848938
Complementary CARD...Yellow CARD will come ! Finally the RED CARD!,"Oct 8, 2023",0.02279472,0.479538053,0.497667164
Best way of ridding yourself of a disease is to wipe it out.,"Oct 8, 2023",0.236608773,0.523471534,0.239919692
This is what they deserve!,"Oct 8, 2023",0.009987976,0.089215159,0.90079689
Format (ctrl + del) Palestine from world map.. the palestian come joint to isral,"Oct 8, 2023",0.082801878,0.887815773,0.029382324
What are the rest building still waiting for?,"Oct 8, 2023",0.087602854,0.885698557,0.026698569
nuclear bomb is the solution,"Oct 8, 2023",0.316276342,0.609359205,0.074364454
Hit the Hamas leaders enjoying from Qatar,"Oct 8, 2023",0.264616579,0.706984401,0.028398992
Yep,"Oct 8, 2023",0.125326395,0.58439368,0.290279984
plasma electrical fire. 50 million. never mind the other services so far.,"Oct 8, 2023",0.79899776,0.187675968,0.013326257
Why are other houses still standing?,"Oct 8, 2023",0.185085937,0.78757441,0.027339697
Happy hunting boys.,"Oct 8, 2023",0.002348399,0.050543215,0.947108388
Wipe em all out,"Oct 8, 2023",0.503501952,0.454285949,0.042212099
Killing Innocent civilians,"Oct 8, 2023",0.845440269,0.147433251,0.007126507
This is also the only language Russia understands!,"Oct 8, 2023",0.053052496,0.54449904,0.402448446
Tehran Beirut Damascus the hills of Lebanon gaza I hear nothing until that is achieved,"Oct 7, 2023",0.424033135,0.550072372,0.025894523
Woops,"Oct 7, 2023",0.493717223,0.442442566,0.06384027
Go Israel!,"Oct 7, 2023",0.222665355,0.450856686,0.326477975
This could escalate fast. Lord have mercy ,"Oct 7, 2023",0.516930163,0.410720944,0.072348885
Floor the entire strip.,"Oct 7, 2023",0.160876319,0.763728082,0.075395621
Oppression and dehumanization of Palestinians is not an issue so is the apartheid policies of the Israeli Government.,"Oct 7, 2023",0.902802587,0.094385251,0.002812142
Not enough speaking to be honest. I expect ruthlessness from Israel and nothing less. Such a shame Israel has not gone all out. Take a leaf out of Indian playbook(read modi playbook),"Oct 7, 2023",0.841526926,0.149727046,0.008746015
Israel was built on terrorism. So im not surprised u speak the same language.,"Oct 7, 2023",0.766776621,0.223093539,0.010129929
"?? Iran , spending that $$ Joe Biden sent them ??","Oct 7, 2023",0.354904026,0.612194121,0.032901891
Well done israel,"Oct 7, 2023",0.021443607,0.256417453,0.722138882
"Good one 
with ","Oct 7, 2023",0.007532289,0.170184895,0.822282851
Terrorism is Israel's only language how do you think it became into being?,"Oct 7, 2023",0.792082667,0.201039329,0.006878036
"They need to be thought a big lesson, Hamas is an agent of darkness","Oct 7, 2023",0.882681906,0.113823108,0.003495017
But it should be 100 times louder,"Oct 7, 2023",0.168514818,0.583805263,0.247679844
Yes ooooooo,"Oct 7, 2023",0.025258703,0.290130049,0.684611201
I can see 100s of buildings still standing high . Take them down  ASAP,"Oct 7, 2023",0.414539695,0.506418645,0.079041675
Flatten the ground.. finish it once and for all,"Oct 7, 2023",0.187558681,0.731875658,0.080565654
"Holashtak, the 8 day period of  austerity is starting from 17th March till 24th March 2024. Do's and Dont's
& the spiritual practise for this period.  
Victory to Israel ,Oct 7"," 2023""",0.152560383,0.776593268,0.070846438
Don't try the power of Israel ,"Oct 7, 2023",0.537266493,0.437663853,0.025069645
Nice job,"Oct 7, 2023",0.018444965,0.123120368,0.858434677
"Hamas will be history after today 
More power to the israeli defence forces","Oct 7, 2023",0.326300919,0.550404191,0.123294942
Hit them hard once and for all so this whole thing will end,"Oct 7, 2023",0.837435007,0.157519788,0.005045177
Israel security need to speak that language more for them to hear it once and for all,"Oct 7, 2023",0.254268259,0.71785897,0.027872773
Victory to Israel ,"Oct 7, 2023",0.268128037,0.608163476,0.123708516
"How come the Israeli forces, iron dome and the entire security system on a total inactivity?
What went wrong?","Oct 7, 2023",0.873859644,0.122123405,0.004016966
We are the winner ,"Oct 7, 2023",0.005710996,0.110979997,0.883309007
Cherior to creation of the Biafra Our Omnipopotent God Of Mazi Natember for You All.,"Oct 8, 2023",0.010677736,0.685920835,0.303401381
"The Palestine faction has already spoken the language you understand, you must leave the land of Palestine or come to the table for two state solutions with Jerusalem is the eternal capital of Palestine, else you know better language","Oct 8, 2023",0.310201705,0.626104236,0.063694052
"this is the chance don't miss it, world with you, teach un forgettable lesson to the Muslim world","Oct 8, 2023",0.083258666,0.479181558,0.437559724
"Disproportionately hit back, they should remember for 7 generations","Oct 7, 2023",0.303786516,0.649720132,0.046493396
Let them Level Gaza strip to the ground.,"Oct 8, 2023",0.576026022,0.409953386,0.014020585
I want to like more such videos.,"Oct 8, 2023",0.002082497,0.081338152,0.916579306
Isreal!,"Oct 8, 2023",0.03118383,0.461411715,0.507404447
"This language they can understand only for some time and then they will come again with same mindset. 
The soultion is only to finish them completely ","Oct 7, 2023",0.405072987,0.547380388,0.047546595
Keep doing this for the coming 6 months. Relentless bombing.,"Oct 7, 2023",0.646028996,0.323185295,0.03078571
"I stand with no one, violence is never a question or an answer! Peace, peace, peace.","Oct 7, 2023",0.171391293,0.533009171,0.29559955
Dont speak.. Just level it.,"Oct 7, 2023",0.199018806,0.725067079,0.075914055
"Civilians suffering on both sides.
However, I have more sympathy with the ones who didn't consciously choose to 'settle' in occupied territory of another country.","Oct 7, 2023",0.644095302,0.322136521,0.033768158
I stand with Israel!,"Oct 7, 2023",0.05571077,0.450695157,0.493593991
Language well understood...,"Oct 7, 2023",0.013457749,0.404982835,0.58155942
One or two buildings don't matter to them.  Earlier also some buildings were destroyed but they have come back stronger and more effective,"Oct 7, 2023",0.11302986,0.519850075,0.367120087
the write word,"Oct 7, 2023",0.181883633,0.709943473,0.108172849
"Holashtak, the 8 day period of  austerity is starting from 17th March till 24th March 2024. Do's and Dont's
& the spiritual practise for this period.  
Clean it all,Oct 7"," 2023""",0.217488363,0.710553348,0.071958281
Indiscriminate killings.,"Oct 8, 2023",0.801795244,0.188151494,0.010053236
Seems not enough at this moment.,"Oct 7, 2023",0.849830151,0.139441565,0.010728289
Good,"Oct 7, 2023",0.060793348,0.329427868,0.609778821
They'll pay,"Oct 7, 2023",0.145201668,0.717851937,0.136946455
I am not Israeli but I want to thank Israel and its brave people for standing as first line of defence for the world against Islamic terrorism.,"Oct 7, 2023",0.034254022,0.263835192,0.701910853
To any Indian reading this am currently eating Cow ,"Oct 7, 2023",0.317185611,0.65378058,0.029033784
Omg,"Oct 8, 2023",0.185456634,0.485757768,0.328785598
They canât hear you. Speak louder!,"Oct 8, 2023",0.488266557,0.428008884,0.083724499
Speak it loud and often.,"Oct 8, 2023",0.057225499,0.727989972,0.214784563
Goodness,"Oct 8, 2023",0.018457979,0.273033381,0.70850867
"You guys are having mercy on this guys,level down that entire state.","Oct 8, 2023",0.545621157,0.372646809,0.081732027
Itâs not enough.,"Oct 8, 2023",0.812942624,0.170910507,0.016146785
"Hananya, brother, don't let this go in vain.... you should make this place as the name suggests a strip ... clean flat strip ..... Sorry can't sleep watching these horrific Videos coming from your brave country .... God bless","Oct 8, 2023",0.469288141,0.391231298,0.139480636
This his your army hahahahahahahaha,"Oct 8, 2023",0.139223084,0.599802434,0.260974467
"Israel needs to do lots more of this, its the only language hamas rapists understand.","Oct 8, 2023",0.524557352,0.434010416,0.041432187
Mossad is the hand of God !,"Oct 8, 2023",0.073137946,0.604221523,0.322640568
Level them!,"Oct 7, 2023",0.195868909,0.575122118,0.229008958
Iranian attack Rogue Regime Attak,"Oct 7, 2023",0.690900147,0.302645415,0.006454404
At the ice on mys minD...!,"Oct 7, 2023",0.093862951,0.785755515,0.120381542
Finished oneâs and for all,"Oct 7, 2023",0.041216161,0.820068538,0.138715401
Pls they should make it louder!!!,"Oct 7, 2023",0.075922318,0.501142442,0.422935307
As should be so there is no language problems in communication.  We'll done #Israel,"Oct 7, 2023",0.117041007,0.581844807,0.301114112
Superb ,"Oct 7, 2023",0.015337465,0.170337275,0.814325273
I stand with Israel,"Oct 7, 2023",0.079129256,0.664369583,0.256501168
They need to level the place,"Oct 7, 2023",0.34439683,0.610915542,0.04468767
Donât listen to any country or UN on ceasefire,"Oct 7, 2023",0.760738015,0.230376542,0.008885433
Action speaks louder than voice,"Oct 8, 2023",0.097919345,0.721529543,0.180551082
Jai bajarangabalee...,"Oct 7, 2023",0.104214557,0.8168571,0.078928329
"This is just one concrete structure,nothing to be happy about,is this what the Hamas deserves???","Oct 7, 2023",0.91482383,0.080074407,0.005101671
Well done. Good job Israel. ,"Oct 7, 2023",0.021267505,0.102750689,0.875981748
,"Oct 8, 2023",0,0,0
They left a bunch of buildings standingâ¦.dont hold back Isrealâ¦.tear it all down,"Oct 7, 2023",0.632524788,0.330347538,0.037127659
This map clearly shows you dont belong there.,"Dec 17, 2023",0.919554055,0.077001303,0.003444719
"Israel should have been settled in Uganda or in some wasteland in Europe. 
If Israel had been established in Europe, it would have been wiped out by Europeans. 
There was no state of Israel in history. Even Jews never wanted a country.","Dec 17, 2023",0.775906384,0.207395375,0.016698245
 Are you for real dude! it's like if Hindu people make a religious claim to California saying god promised it to them. Should the US then distribute California's population to the rest of the states? The solution is to live side by side in one democratic country for all.,"Dec 17, 2023",0.399853706,0.547075033,0.053071264
"History lesson:
Palestinian refugees are called that because they were moved from their lands to other areas normally.
The term refugee is not only given to people who come from outside that country but can also be refugees from the same country.
According to the 1948â¦","Dec 17, 2023",0.274633974,0.673559785,0.051806208
"History lesson:
What do you know about Nakba?","Dec 17, 2023",0.085711196,0.890042961,0.024245713
"If I come steal a small portion of what you have, is it theft or not?","Dec 17, 2023",0.347295791,0.63267231,0.020031922
Islam: the Religion of Conquest,"Dec 17, 2023",0.594356358,0.3938241,0.011819564
Why would they take them as refugees when they has their own land Palestine,"Dec 16, 2023",0.493727803,0.489540368,0.016731896
Take refugees so you can have all the land to yourself,"Dec 17, 2023",0.290794045,0.634796202,0.074409731
"Sorry Oli â¦.Arab countries â¦. Land in
The Arab world
You almost had it there didnât you?
Almost","Dec 17, 2023",0.734125257,0.24110806,0.0247667
"it's not about Arabs, is it. it's about the direct descendents of the israelites keeping their land and the right for them to do so.","Dec 17, 2023",0.297051519,0.677929461,0.025019018
What's happening?,"Dec 16, 2023",0.229550824,0.733700097,0.036749065
Oil money,"Dec 16, 2023",0.229053497,0.6790272,0.091919303
You said it..The arab world,"Dec 17, 2023",0.387102246,0.555037081,0.057860658
"Zech 12
Jerusalemâs Enemies to Be Destroyed
12 A prophecy: The word of the Lord concerning Israel.
The Lord, who stretches out the heavens, who lays the foundation of the earth, and who forms the human spirit within a person, declares: 2 ","Dec 17, 2023",0.143289715,0.818913162,0.037797067
"If you care about the Israeli zionists,
Take them to the ""civilized"" world of USA and Europe. 
Why do you keep them in this danger and in the middle of ""barbaric arabs""? Give them Florida and protect them there if you care that much about them","Dec 17, 2023",0.846942127,0.143677354,0.009380527
Those living in the yellow area say to those living in the barely visible blue area: You are an invader. That's all there is to comedy.,"Dec 17, 2023",0.615226328,0.353853106,0.030920524
"Israel Admits To Killing Own Festival Goers https://youtu.be/DVNqPNN-UGY?si=WvSElC400-ilZiscâ¦ via 
@YouTube","Dec 17, 2023",0.712331355,0.27146861,0.016200012
"They donât want help Israel steeling their land 
Free Palestine","Dec 17, 2023",0.717013896,0.265888989,0.017097045
"They are not owners' shares in a company for you to distribute according to your whim, and you have no right. You are asking for the owners of the land to be evacuated to become refugees. Palestine will remain a homeland for the Palestinians, whether you like it or not.","Dec 17, 2023",0.716562092,0.270534754,0.012903173
I would never go to any Arab country  not even to experience their country.  Nothing interesting there ,"Dec 17, 2023",0.951302588,0.044360243,0.004337147
Does it seem âyoursâ on this map ,"Dec 17, 2023",0.176233187,0.761452913,0.062313855
"Zionists own all of the west. They can go back there, as they all have citizenship. 
Unfortunately, Palestinians have close borders and have nowhere to go.","Dec 17, 2023",0.822541595,0.167454436,0.010004017
So right,"Dec 16, 2023",0.045637447,0.355992913,0.598369598
gay,"Dec 16, 2023",0.578644753,0.358497471,0.062857822
"This is our land, and we will leave Israel from our lands, God willing","Dec 16, 2023",0.193012312,0.705317378,0.10167031
"your post from yesterday invited to fight, crazy, right?
my emotions will be with nie people.If you post, don't think that when the division of brains he doesn't like ... you wonder you are our target - us ...","Dec 16, 2023",0.647716522,0.319550455,0.03273299
Back to your country easy,"Dec 17, 2023",0.148377627,0.611926258,0.239696071
We will give u some desert in Algeria. Go there make it your homeland.,"Dec 17, 2023",0.11541456,0.691776633,0.192808747
"Britain who created israel in 1947,  should give some of its great britain to israel. Sure the british & israeli will live happily side by side","Dec 17, 2023",0.048284743,0.459041029,0.492674202
"Just bacot wasweswos
Can be shut up or not

Your mouth smells of silicon","Dec 17, 2023",0.772480488,0.215309501,0.012209985
"River to the sea, sounds like a catch phase from a TV game ahow","Dec 17, 2023",0.280106097,0.651679099,0.068214886
"Yes, naturally they don't care about Palestine, they are more important to the world, than the humanity in Palestine, it's only natural, right looking for the world of bongs, crazy lu ndro","Dec 17, 2023",0.509958923,0.396821946,0.093219101
Why they will take them in refugees when they have their own land and they want to stay in it.,"Dec 17, 2023",0.289953858,0.672692418,0.037353683
âthey cared they would take in refugees. â isnât that what hitler said once upon a time to the Jews when EVERYONE in this world didnât want to take them â¦ nazis,"Dec 17, 2023",0.679144263,0.298054785,0.022800926
Jordan has more Palestinians than Palestine so what are you talking about ?,"Dec 17, 2023",0.483949572,0.500687718,0.015362753
"You don't really understand how countries work do you? 

Just because they are similar religions. Do European countires all jump into wars as one? 

Learn about politics.","Dec 17, 2023",0.812255442,0.176743299,0.011001207
